title	id	price	condition	availability	channel	feed label	language	additional image link	all clicks	brand	color	description	google product category	identifier exists	image link	item group id	link	mpn	product type	rating average	rating count	shipping(country)
iPhone 16 Pro Max 512GB Natural Titanium	prod-mo4quowp-1beaxb	3850.00 AED	used	in stock	Online	AE	en		0	Apple		"iPhone 16 Pro Max 512GB Natural Titanium from PZM in Dubai with used-device availability, local support, and Cash on Delivery. Battery 90% Never Fixed Before"	Electronics > Communications > Telephony > Mobile Phones		https://pzm.ae/api/media/products/1776575887419-7ymnqd.webp	used-apple-iphone-16-pro-max-512gb	https://pzm.ae/product/prod-mo4quowp-1beaxb/	004240017426	Preowned Devices > Phones & Tablets			
iPhone 17 Pro 256GB Cosmic Orange	prod-mo4qtqv4-tougpx	4700.00 AED	new	in stock	Online	AE	en		0	Apple		"iPhone 17 Pro 256GB Cosmic Orange from PZM in Dubai with brand-new availability, local support, and Cash on Delivery."	Electronics > Communications > Telephony > Mobile Phones	no	https://pzm.ae/api/media/products/1776708271444-5aklvh.webp	apple-iphone-17-pro-256gb	https://pzm.ae/product/prod-mo4qtqv4-tougpx/		Brand New Devices > Phones & Tablets			
Microsoft i5 6th i5 6th / 4GB / 128GB Silver	prod-mo4qv9nk-q15ybg	1000.00 AED	used	in stock	Online	AE	en		0	Microsoft		"Microsoft i5 6th i5 6th / 4GB / 128GB Silver from PZM in Dubai with used-device availability, local support, and Cash on Delivery."	Electronics > Computers > Laptops		https://pzm.ae/api/media/products/1776575995487-qwprjj.webp	used-microsoft-i5-6th-128gb	https://pzm.ae/product/prod-mo4qv9nk-q15ybg/	004504126	Preowned Devices > Laptops			
HP i7 8th i7 8th / 8GB / 256GB Silver	prod-mo4qvdlf-1a1g5l	950.00 AED	used	in stock	Online	AE	en		0	HP		"HP i7 8th i7 8th / 8GB / 256GB Silver from PZM in Dubai with used-device availability, local support, and Cash on Delivery."	Electronics > Computers > Laptops		https://pzm.ae/api/media/products/1776576001168-zr4mty.webp	used-hp-i7-8th-256gb	https://pzm.ae/product/prod-mo4qvdlf-1a1g5l/	004180111125	Preowned Devices > Laptops			
iPhone 17 Air Dubai	services	5500.00 AED	new	in stock	Online	AE	en	https://pzm.ae/images/buy_iphone/iPhone_17_Pro_Max_all_colors.jpg,https://pzm.ae/images/buy_iphone/iPhone_17_Pro_all_colors.jpg,https://pzm.ae/images/buy_iphone/iPhone_17_all_colors.jpg	0	Apple		"Buy iPhone 17 Air in Dubai. Ultra-thin design with powerful performance. Available in Space Black, Cloud White, Light Gold, and Sky Blue. Cash on delivery UAE."			https://pzm.ae/images/buy_iphone/iPhone_17_Air_all_colors.jpg		https://pzm.ae/services/buy-iphone.html			4.9	64	AE
iPhone 17 Pro 256GB Silver	prod-mo4qtru7-zvxcd4	4700.00 AED	new	in stock	Online	AE	en		0	Apple		"iPhone 17 Pro 256GB Silver from PZM in Dubai with brand-new availability, local support, and Cash on Delivery."	Electronics > Communications > Telephony > Mobile Phones	no	https://pzm.ae/api/media/products/1776708286468-uh64t5.webp	apple-iphone-17-pro-256gb	https://pzm.ae/product/prod-mo4qtru7-zvxcd4/		Brand New Devices > Phones & Tablets			
Samsung Galaxy A06 4G 64GB / 4GB RAM White	prod-mo4qu7dq-207z49	450.00 AED	new	in stock	Online	AE	en		0	Samsung		"Samsung Galaxy A06 4G 64GB / 4GB RAM White from PZM in Dubai with brand-new availability, local support, and Cash on Delivery."	Electronics > Communications > Telephony > Mobile Phones	no	https://pzm.ae/api/media/products/1776575875715-ryctfs.webp	samsung-a06-4g-64gb	https://pzm.ae/product/prod-mo4qu7dq-207z49/		Brand New Devices > Phones & Tablets			
iPhone 17 Pro Max 256GB Silver	prod-mo7h67vb-dpn2yx	5100.00 AED	new	in stock	Online	AE	en		0	Apple		"iPhone 17 Pro Max 256GB Silver from PZM in Dubai with brand-new availability, local support, and Cash on Delivery."		no	https://pzm.ae/api/media/products/1776708263937-t10pf8.webp		https://pzm.ae/product/prod-mo7h67vb-dpn2yx/		Brand New Devices > Phones & Tablets			
Intel Xeon Desktop Xeon / 24GB / HDD 1TB Black	prod-mo4qvh2q-9ivjgv	850.00 AED	used	in stock	Online	AE	en		0	Custom		"Intel Xeon Desktop Xeon / 24GB / HDD 1TB Black from PZM in Dubai with used-device availability, local support, and Cash on Delivery."	Electronics > Computers > Desktop Computers		https://pzm.ae/api/media/products/1776576023155-30gw27.webp	used-intel-xeon-desktop-24gb	https://pzm.ae/product/prod-mo4qvh2q-9ivjgv/	00140011924	Preowned Devices > Desktop PCs			
Dell Inspiron 3558 i5 5th / 8GB / 512GB Black	prod-mo4qvexx-uee7df	550.00 AED	used	in stock	Online	AE	en		0	Dell		"Dell Inspiron 3558 i5 5th / 8GB / 512GB Black from PZM in Dubai with used-device availability, local support, and Cash on Delivery."	Electronics > Computers > Laptops		https://pzm.ae/api/media/products/1776576012239-twepsy.webp	used-dell-inspiron-3558	https://pzm.ae/product/prod-mo4qvexx-uee7df/	00405031225	Preowned Devices > Laptops			
HP AiO i5 4th i5 4th / 8GB / 256GB White	prod-mo4qvkpv-4gm9fe	750.00 AED	used	in stock	Online	AE	en		0	HP		"HP AiO i5 4th i5 4th / 8GB / 256GB White from PZM in Dubai with used-device availability, local support, and Cash on Delivery."	Electronics > Computers > Desktop Computers		https://pzm.ae/api/media/products/1776576006748-daqilo.webp	used-hp-aio-i5-4th	https://pzm.ae/product/prod-mo4qvkpv-4gm9fe/	00470027425	Preowned Devices > Desktop PCs			
iPhone 17 Air (eSIM + Physical SIM) 1TB Blue	prod-mnku9nbd-ob74rl	5500.00 AED	new	in stock	Online	AE	en		0	Apple		Brand new iPhone 17 Air 1TB in Blue with eSIM plus physical SIM support.	Electronics > Communications > Telephony > Mobile Phones		https://pzm.ae/api/media/products/1776708296888-jgv6m5.webp	apple-iphone-17-air-esim-physical-sim	https://pzm.ae/product/prod-mnku9nbd-ob74rl/	0044000141225	Brand New Devices > Phones & Tablets			
"Samsung DG502 Flat 32"" 32 inch / 120Hz / FHD / DP+HDMI Black"	prod-mo4qvizj-w7unz0	750.00 AED	used	in stock	Online	AE	en		0	Samsung		"Samsung DG502 Flat 32"" 32 inch / 120Hz / FHD / DP+HDMI Black from PZM in Dubai with used-device availability, local support, and Cash on Delivery."			https://pzm.ae/api/media/products/1776576035319-xtsxlq.webp	used-samsung-dg502-32	https://pzm.ae/product/prod-mo4qvizj-w7unz0/	004300241225	Preowned Devices > Monitors			
iPhone 16 Pro Max 256GB Desert Titanium	prod-mnnylguu-t5h6b2	3650.00 AED	used	in stock	Online	AE	en		0	Apple		Pre-owned iPhone 16 Pro Max with 256GB in Desert Titanium. Battery health 98%. Never fixed.	Electronics > Communications > Telephony > Mobile Phones	no	https://pzm.ae/api/media/products/1775586760408-ktsxri.webp	apple-iphone-16-pro-max-256gb	https://pzm.ae/product/prod-mnnylguu-t5h6b2/		Used Devices > Phones & Tablets			
Lenovo AiO i3 10th i3 10th / 8GB / 256GB White	prod-mo4qvk9b-cslz95	750.00 AED	used	in stock	Online	AE	en		0	Lenovo		"Lenovo AiO i3 10th i3 10th / 8GB / 256GB White from PZM in Dubai with used-device availability, local support, and Cash on Delivery."	Electronics > Computers > Desktop Computers		https://pzm.ae/api/media/products/1776575986249-pqir5v.webp	used-lenovo-aio-i3-10th	https://pzm.ae/product/prod-mo4qvk9b-cslz95/	00430027425	Preowned Devices > Desktop PCs			
Samsung Galaxy A17 4G 128GB / 4GB RAM Black	prod-mo4qu34w-jwb3xz	650.00 AED	new	in stock	Online	AE	en		0	Samsung		"Samsung Galaxy A17 4G 128GB / 4GB RAM Black from PZM in Dubai with brand-new availability, local support, and Cash on Delivery."	Electronics > Communications > Telephony > Mobile Phones	no	https://pzm.ae/api/media/products/1776575853034-y23utw.webp	samsung-a17-4g-128gb	https://pzm.ae/product/prod-mo4qu34w-jwb3xz/		Brand New Devices > Phones & Tablets			
PS5 Digital Edition 1TB White	prod-mnnyleu0-e6x4n1	1850.00 AED	new	in stock	Online	AE	en		0	PlayStation		Brand new PlayStation 5 Digital Edition 1TB.	Electronics > Video Game Consoles	no	https://pzm.ae/api/media/products/1775586802704-jqex48.webp	playstation-ps5-digital-edition-1tb	https://pzm.ae/product/prod-mnnyleu0-e6x4n1/		Brand New Devices > Gaming			
ASUS Laptop i5 11th i5 11th / 8GB / 480GB / GTX 2050 Silver	prod-mo4qv0cv-5jdwsp	2800.00 AED	used	in stock	Online	AE	en		0	ASUS		"ASUS Laptop i5 11th i5 11th / 8GB / 480GB / GTX 2050 Silver from PZM in Dubai with used-device availability, local support, and Cash on Delivery."	Electronics > Computers > Laptops		https://pzm.ae/api/media/products/1776575934951-l9w0dy.webp	used-asus-i5-11th-480gb	https://pzm.ae/product/prod-mo4qv0cv-5jdwsp/	00460024925	Preowned Devices > Laptops			
"LG UltraGear 45"" WQHD OLED Curved / 240Hz / 0.03ms / HDR 10 Good Condition"	prod-mnnz7mm7-a76u51	4100.00 AED	used	in stock	Online	AE	en		0	LG		Used LG UltraGear gaming monitor with OLED panel and 240Hz refresh rate.		no	https://pzm.ae/api/media/products/1775586833600-q08ur7.webp		https://pzm.ae/product/prod-mnnz7mm7-a76u51/		Used Devices > Laptops & Computers			
"ASUS ROG Swift 27"" QHD / 360Hz / G-SYNC / 1ms / DisplayHDR 600 Good Condition"	prod-mnnz7n1b-cyflma	2850.00 AED	used	in stock	Online	AE	en		0	ASUS		Used ASUS ROG Swift gaming monitor with 360Hz refresh rate.		no	https://pzm.ae/api/media/products/1775586834836-fmnxvt.webp		https://pzm.ae/product/prod-mnnz7n1b-cyflma/		Used Devices > Laptops & Computers			
Honor X9C 12GB / 256GB Good Condition	prod-mnnz7c6q-ztw1ea	800.00 AED	used	in stock	Online	AE	en		0	Honor		Used Honor X9C with 256GB storage. Configured with 12GB RAM. Good condition.	Electronics > Communications > Telephony > Mobile Phones	no	https://pzm.ae/api/media/products/1775586814692-74ib2w.webp	honor-honor-x9c-12gb-256gb	https://pzm.ae/product/prod-mnnz7c6q-ztw1ea/		Used Devices > Phones & Tablets			
PS4 with Controller	prod-mnnylfgi-563z4b	500.00 AED	new	in stock	Online	AE	en		0	PlayStation		PS4 console bundle with controller. Contact us for the latest details.	Electronics > Video Game Consoles	no	https://pzm.ae/api/media/products/1775586803957-1ngp2m.webp	playstation-ps4-new	https://pzm.ae/product/prod-mnnylfgi-563z4b/		Brand New Devices > Gaming			
HP i3 12th i3 12th / 8GB / 480GB Silver	prod-mo4qvdzf-zk7y19	1350.00 AED	used	in stock	Online	AE	en		0	HP		"HP i3 12th i3 12th / 8GB / 480GB Silver from PZM in Dubai with used-device availability, local support, and Cash on Delivery."	Electronics > Computers > Laptops		https://pzm.ae/api/media/products/1776576004136-ipwmh7.webp	used-hp-i3-12th-480gb	https://pzm.ae/product/prod-mo4qvdzf-zk7y19/	00425029326	Preowned Devices > Laptops			
"Samsung ViewFinity S7 32"" 4K Flat Open Box"	prod-mnnz7nhe-sbagxe	950.00 AED	used	in stock	Online	AE	en		0	Samsung		Open-box Samsung ViewFinity S7 32-inch 4K monitor.		no	https://pzm.ae/api/media/products/1775586835886-yeld58.webp	samsung-samsung-viewfinity-s7-32-4k-flat	https://pzm.ae/product/prod-mnnz7nhe-sbagxe/		Used Devices > Laptops & Computers			
iPhone 17 Pro 512GB Silver	prod-mo4qtu5y-9qn5fg	5200.00 AED	new	in stock	Online	AE	en		0	Apple		"iPhone 17 Pro 512GB Silver from PZM in Dubai with brand-new availability, local support, and Cash on Delivery."	Electronics > Communications > Telephony > Mobile Phones	no	https://pzm.ae/api/media/products/1776708288927-8glerl.webp	apple-iphone-17-pro-512gb	https://pzm.ae/product/prod-mo4qtu5y-9qn5fg/		Brand New Devices > Phones & Tablets			
Lenovo i7 13th i7 13th / 16GB / 480GB Grey	prod-mo4qv5i4-3emol9	2450.00 AED	used	in stock	Online	AE	en		0	Lenovo		"Lenovo i7 13th i7 13th / 16GB / 480GB Grey from PZM in Dubai with used-device availability, local support, and Cash on Delivery."	Electronics > Computers > Laptops		https://pzm.ae/api/media/products/1776575973141-1pszg0.webp	used-lenovo-i7-13th-480gb	https://pzm.ae/product/prod-mo4qv5i4-3emol9/	004110028525	Preowned Devices > Laptops			
Samsung Tab A6 32GB Good Condition	prod-mnnz7lck-2n3b85	250.00 AED	used	in stock	Online	AE	en		0	Samsung		Used Samsung Tab A6.	Electronics > Computers > Tablet Computers	no	https://pzm.ae/api/media/products/1775588593432-u5vxhu.webp	samsung-samsung-tab-a6-32gb	https://pzm.ae/product/prod-mnnz7lck-2n3b85/		Used Devices > Phones & Tablets			
"BenQ 27"" FHD 27 inch / 60Hz / FHD / 1920x1080 Black"	prod-mo4qvjs4-gox7cc	220.00 AED	used	in stock	Online	AE	en		0	BenQ		"BenQ 27"" FHD 27 inch / 60Hz / FHD / 1920x1080 Black from PZM in Dubai with used-device availability, local support, and Cash on Delivery."			https://pzm.ae/api/media/products/1776576041043-dj6sac.webp	used-benq-27-fhd	https://pzm.ae/product/prod-mo4qvjs4-gox7cc/	00410020226	Preowned Devices > Monitors			
iPhone 17 Pro 512GB Deep Blue	prod-mo4qttpa-oqdrk9	5200.00 AED	new	in stock	Online	AE	en		0	Apple		"iPhone 17 Pro 512GB Deep Blue from PZM in Dubai with brand-new availability, local support, and Cash on Delivery."	Electronics > Communications > Telephony > Mobile Phones	no	https://pzm.ae/api/media/products/1776708281235-790xao.webp	apple-iphone-17-pro-512gb	https://pzm.ae/product/prod-mo4qttpa-oqdrk9/		Brand New Devices > Phones & Tablets			
Samsung Galaxy A73 5G 128GB / 8GB RAM Good Condition	prod-mnnz7crj-1msd5r	750.00 AED	used	in stock	Online	AE	en		0	Samsung		Used Samsung Galaxy A73 5G with 128GB storage. Configured with 8GB RAM. Good condition.	Electronics > Communications > Telephony > Mobile Phones	no	https://pzm.ae/api/media/products/1775586815737-g1luzy.webp	samsung-samsung-galaxy-a73-5g-128gb-8gb-ram	https://pzm.ae/product/prod-mnnz7crj-1msd5r/		Used Devices > Phones & Tablets			
iPhone 17 Pro Max 256GB Cosmic Orange	prod-mo4qtkrb-gp5r0d	5100.00 AED	new	in stock	Online	AE	en		0	Apple		"iPhone 17 Pro Max 256GB Cosmic Orange from PZM in Dubai with brand-new availability, local support, and Cash on Delivery."	Electronics > Communications > Telephony > Mobile Phones	no	https://pzm.ae/api/media/products/1776708248401-rco0n9.webp	apple-iphone-17-pro-max-256gb	https://pzm.ae/product/prod-mo4qtkrb-gp5r0d/		Brand New Devices > Phones & Tablets			
Lenovo i3 8130u i3 8130u / 12GB / 480GB Grey	prod-mo4qv5w2-u43t77	1000.00 AED	used	in stock	Online	AE	en		0	Lenovo		"Lenovo i3 8130u i3 8130u / 12GB / 480GB Grey from PZM in Dubai with used-device availability, local support, and Cash on Delivery."	Electronics > Computers > Laptops		https://pzm.ae/api/media/products/1776575975648-7yn4ry.webp	used-lenovo-i3-8130u-480gb	https://pzm.ae/product/prod-mo4qv5w2-u43t77/	00160011925	Preowned Devices > Laptops			
Samsung Galaxy A06 4G 64GB / 4GB RAM Black	prod-mo4qu6mp-ambodb	450.00 AED	new	in stock	Online	AE	en		0	Samsung		"Samsung Galaxy A06 4G 64GB / 4GB RAM Black from PZM in Dubai with brand-new availability, local support, and Cash on Delivery."	Electronics > Communications > Telephony > Mobile Phones	no	https://pzm.ae/api/media/products/1776575869958-n5wh6v.webp	samsung-a06-4g-64gb	https://pzm.ae/product/prod-mo4qu6mp-ambodb/		Brand New Devices > Phones & Tablets			
iPad Pro 11-inch M5 256GB Wi-Fi Black	prod-mntdtz27-kybe2d	3690.00 AED	new	out of stock	Online	AE	en		0	Apple	black	Brand new iPad Pro 11-inch M5 Wi-Fi 256GB in Black. Contact us for current stock confirmation and delivery options.			https://pzm.ae/api/media/products/1775873569614-3m1nlm.webp		https://pzm.ae/product/prod-mntdtz27-kybe2d/					AE
"MacBook M3 Pro 14"" 8GB / 512GB Silver"	prod-mo4qv0tv-ve4t7z	3500.00 AED	used	in stock	Online	AE	en		0	Apple		"MacBook M3 Pro 14"" 8GB / 512GB Silver from PZM in Dubai with used-device availability, local support, and Cash on Delivery. Battery 100% Never Fixed Before Apple Care+ valid until 2 Jul 2027"	Electronics > Computers > Laptops		https://pzm.ae/api/media/products/1776575951518-5l4yok.webp	used-apple-macbook-m3-pro-14	https://pzm.ae/product/prod-mo4qv0tv-ve4t7z/	00420006426	Preowned Devices > Laptops			
"Dell Monitor 24"" 24 inch / 60Hz / FHD Black"	prod-mo4qvjd7-6ydt7y	350.00 AED	used	in stock	Online	AE	en		0	Dell		"Dell Monitor 24"" 24 inch / 60Hz / FHD Black from PZM in Dubai with used-device availability, local support, and Cash on Delivery."			https://pzm.ae/api/media/products/1776576038187-dujigu.webp	used-dell-monitor-24	https://pzm.ae/product/prod-mo4qvjd7-6ydt7y/	00415024126	Preowned Devices > Monitors			
Huawei MatePad 128GB Good Condition	prod-mnnz7krp-31gl1c	600.00 AED	used	in stock	Online	AE	en		0	Huawei		Used Huawei MatePad with 128GB storage.	Electronics > Computers > Tablet Computers	no	https://pzm.ae/api/media/products/1775527465610-9volcu.webp	huawei-huawei-matepad-128gb	https://pzm.ae/product/prod-mnnz7krp-31gl1c/		Used Devices > Phones & Tablets			
ASUS VivoBook i3 13th i3 13th / 8GB / 128GB Black	prod-mo4qvcwq-jlzxcj	1250.00 AED	used	in stock	Online	AE	en		0	ASUS		"ASUS VivoBook i3 13th i3 13th / 8GB / 128GB Black from PZM in Dubai with used-device availability, local support, and Cash on Delivery."	Electronics > Computers > Laptops		https://pzm.ae/api/media/products/1776575948381-ohxkfi.webp	used-asus-vivobook-i3-13th-128gb	https://pzm.ae/product/prod-mo4qvcwq-jlzxcj/	00450018326	Preowned Devices > Laptops			
"Samsung S3 Curved 24"" 24 inch / 60Hz / FHD / HDMI+VGA Black"	prod-mo4qviia-t4t7si	210.00 AED	used	in stock	Online	AE	en		0	Samsung		"Samsung S3 Curved 24"" 24 inch / 60Hz / FHD / HDMI+VGA Black from PZM in Dubai with used-device availability, local support, and Cash on Delivery."			https://pzm.ae/api/media/products/1776576032256-0g8mie.webp	used-samsung-s3-24	https://pzm.ae/product/prod-mo4qviia-t4t7si/	0410081225	Preowned Devices > Monitors			
Lenovo i5 12th i5 12th / 8GB / 480GB Grey	prod-mo4qv87d-9dxvi0	1350.00 AED	used	in stock	Online	AE	en		0	Lenovo		"Lenovo i5 12th i5 12th / 8GB / 480GB Grey from PZM in Dubai with used-device availability, local support, and Cash on Delivery."	Electronics > Computers > Laptops		https://pzm.ae/api/media/products/1776575983463-cagyp7.webp	used-lenovo-i5-12th-480gb	https://pzm.ae/product/prod-mo4qv87d-9dxvi0/	0043208426	Preowned Devices > Laptops			
iPhone 17 Pro 1TB Silver	prod-mo4qtvwt-m4lafk	5900.00 AED	new	in stock	Online	AE	en		0	Apple		"iPhone 17 Pro 1TB Silver from PZM in Dubai with brand-new availability, local support, and Cash on Delivery."	Electronics > Communications > Telephony > Mobile Phones	no	https://pzm.ae/api/media/products/1776708291568-bltvqw.webp	apple-iphone-17-pro-1tb	https://pzm.ae/product/prod-mo4qtvwt-m4lafk/		Brand New Devices > Phones & Tablets			
Lenovo Core i5 11th i5 11th / 8GB / 480GB Grey	prod-mo4qv7jh-h9nvne	1400.00 AED	used	in stock	Online	AE	en		0	Lenovo		"Lenovo Core i5 11th i5 11th / 8GB / 480GB Grey from PZM in Dubai with used-device availability, local support, and Cash on Delivery."	Electronics > Computers > Laptops		https://pzm.ae/api/media/products/1776575980994-st65gd.webp	used-lenovo-i5-11th-480gb	https://pzm.ae/product/prod-mo4qv7jh-h9nvne/	00425020226	Preowned Devices > Laptops			
iPad 8th Gen 32GB Rose Gold	prod-mnnz7kbm-9xdr7p	750.00 AED	used	in stock	Online	AE	en		0	Apple		Used iPad 8th Gen in Rose Gold.	Electronics > Computers > Tablet Computers	no	https://pzm.ae/api/media/products/1775586831121-f74pf5.webp	apple-ipad-8th-gen-32gb	https://pzm.ae/product/prod-mnnz7kbm-9xdr7p/		Used Devices > Phones & Tablets			
iPhone 16e 128GB White	prod-mo4qusjn-ixzug8	1750.00 AED	used	in stock	Online	AE	en		0	Apple		"iPhone 16e 128GB White from PZM in Dubai with used-device availability, local support, and Cash on Delivery. Battery 100% Never Fixed Before Valid until 9 Nov 2026"	Electronics > Communications > Telephony > Mobile Phones		https://pzm.ae/api/media/products/1776575894162-yzvmsi.webp	used-apple-iphone-16e-128gb	https://pzm.ae/product/prod-mo4qusjn-ixzug8/	004120018126	Preowned Devices > Phones & Tablets			
Gaming PC i7 12th / DDR5 32GB / SSD 1TB White	prod-mnnyllrg-78sb84	3500.00 AED	used	in stock	Online	AE	en		0	Gaming PC		Pre-owned gaming PC with MSI RTX 4060 graphics.	Electronics > Computers > Desktop Computers	no	https://pzm.ae/api/media/products/1775586811086-n6l4vh.webp	gaming-pc-gaming-pc-i7-12th-ddr5-32gb-ssd-1tb	https://pzm.ae/product/prod-mnnyllrg-78sb84/		Used Devices > Gaming			
HP Laptop i7 12th / 16GB / 1TB Good Condition	prod-mnnz7j6x-ps3zhi	1750.00 AED	used	in stock	Online	AE	en		0	HP		"Used HP laptop with i7 12th Gen, 16GB RAM, and 1TB storage."	Electronics > Computers > Laptops	no	https://pzm.ae/api/media/products/1775586828801-ytyp7b.webp	hp-hp-laptop-i7-12th-16gb-1tb	https://pzm.ae/product/prod-mnnz7j6x-ps3zhi/		Used Devices > Laptops & Computers			
iPhone 17 Pro 1TB Deep Blue	prod-mo4qtvia-13noxy	5900.00 AED	new	in stock	Online	AE	en		0	Apple		"iPhone 17 Pro 1TB Deep Blue from PZM in Dubai with brand-new availability, local support, and Cash on Delivery."	Electronics > Communications > Telephony > Mobile Phones	no	https://pzm.ae/api/media/products/1776708283843-he18fv.webp	apple-iphone-17-pro-1tb	https://pzm.ae/product/prod-mo4qtvia-13noxy/		Brand New Devices > Phones & Tablets			
Samsung Galaxy A36 5G 128GB / 6GB RAM Lavender	prod-mo4qu2la-ng0cwp	985.00 AED	new	in stock	Online	AE	en		0	Samsung		"Samsung Galaxy A36 5G 128GB / 6GB RAM Lavender from PZM in Dubai with brand-new availability, local support, and Cash on Delivery."	Electronics > Communications > Telephony > Mobile Phones	no	https://pzm.ae/api/media/products/1776575850775-ylnnft.webp	samsung-a36-5g-128gb	https://pzm.ae/product/prod-mo4qu2la-ng0cwp/		Brand New Devices > Phones & Tablets			
iPhone 17 Pro Max 1TB Deep Blue	prod-mo4qtph8-fbi2nx	6400.00 AED	new	in stock	Online	AE	en		0	Apple		"iPhone 17 Pro Max 1TB Deep Blue from PZM in Dubai with brand-new availability, local support, and Cash on Delivery."	Electronics > Communications > Telephony > Mobile Phones	no	https://pzm.ae/api/media/products/1776708261303-6cq2wq.webp	apple-iphone-17-pro-max-1tb	https://pzm.ae/product/prod-mo4qtph8-fbi2nx/		Brand New Devices > Phones & Tablets			
Samsung Galaxy A36 5G 128GB / 6GB RAM White	prod-mo4qu27n-k24acc	985.00 AED	new	in stock	Online	AE	en		0	Samsung		"Samsung Galaxy A36 5G 128GB / 6GB RAM White from PZM in Dubai with brand-new availability, local support, and Cash on Delivery."	Electronics > Communications > Telephony > Mobile Phones	no	https://pzm.ae/api/media/products/1776575847940-v37ypf.webp	samsung-a36-5g-128gb	https://pzm.ae/product/prod-mo4qu27n-k24acc/		Brand New Devices > Phones & Tablets			
Dell Inspiron 15 7000 Gaming i7 7th / 8GB / 512GB / GTX 1050 Ti Good Condition	prod-mnnz7h04-2f73ci	1050.00 AED	used	in stock	Online	AE	en		0	Dell		Used Dell Inspiron gaming laptop with GTX 1050 Ti graphics.	Electronics > Computers > Laptops	no	https://pzm.ae/api/media/products/1775586823825-xdf0po.webp		https://pzm.ae/product/prod-mnnz7h04-2f73ci/		Used Devices > Laptops & Computers			
iPhone 14 Pro 512GB Black	prod-mnnz785s-i7iu13	2150.00 AED	used	in stock	Online	AE	en		0	Apple		Pre-owned iPhone 14 Pro with 512GB in Black. Battery health 94%.	Electronics > Communications > Telephony > Mobile Phones	no	https://pzm.ae/api/media/products/1775586755510-hc7jp0.webp	apple-iphone-14-pro-512gb	https://pzm.ae/product/prod-mnnz785s-i7iu13/		Used Devices > Phones & Tablets			
MacBook Pro 2016 8GB / 256GB Silver	prod-mo4qv3dl-mmdmco	1100.00 AED	used	in stock	Online	AE	en		0	Apple		"MacBook Pro 2016 8GB / 256GB Silver from PZM in Dubai with used-device availability, local support, and Cash on Delivery."	Electronics > Computers > Laptops		https://pzm.ae/api/media/products/1776575961995-25ez3m.webp	used-apple-macbook-pro-2016	https://pzm.ae/product/prod-mo4qv3dl-mmdmco/	00410028326	Preowned Devices > Laptops			
Gaming PC i5 12th i5 12th / 16GB / SSD 1TB / RTX 5050 Black	prod-mo4qvgfe-ah0fys	3650.00 AED	used	in stock	Online	AE	en		0	Custom		"Gaming PC i5 12th i5 12th / 16GB / SSD 1TB / RTX 5050 Black from PZM in Dubai with used-device availability, local support, and Cash on Delivery."	Electronics > Computers > Desktop Computers		https://pzm.ae/api/media/products/1776576020364-y6ljp3.webp	used-gaming-pc-i5-12th-rtx5050	https://pzm.ae/product/prod-mo4qvgfe-ah0fys/	00414008426	Preowned Devices > Desktop PCs			
iPhone 13 Pro Max 256GB Blue	prod-mnnz79rn-hqlaav	1850.00 AED	used	in stock	Online	AE	en		0	Apple		Pre-owned iPhone 13 Pro Max with 256GB in Blue. Battery health 97%.	Electronics > Communications > Telephony > Mobile Phones	no	https://pzm.ae/api/media/products/1775587801315-i9ekx3.webp	apple-iphone-13-pro-max-256gb	https://pzm.ae/product/prod-mnnz79rn-hqlaav/		Used Devices > Phones & Tablets			
Samsung Galaxy A07 4G 64GB / 4GB RAM Black	prod-mo4qu53t-7ls8gf	485.00 AED	new	in stock	Online	AE	en		0	Samsung		"Samsung Galaxy A07 4G 64GB / 4GB RAM Black from PZM in Dubai with brand-new availability, local support, and Cash on Delivery."	Electronics > Communications > Telephony > Mobile Phones	no	https://pzm.ae/api/media/products/1776575862075-1ykzy5.webp	samsung-a07-4g-64gb	https://pzm.ae/product/prod-mo4qu53t-7ls8gf/		Brand New Devices > Phones & Tablets			
Samsung Galaxy A17 4G 128GB / 4GB RAM White	prod-mo4qu4nf-utjgdl	650.00 AED	new	in stock	Online	AE	en		0	Samsung		"Samsung Galaxy A17 4G 128GB / 4GB RAM White from PZM in Dubai with brand-new availability, local support, and Cash on Delivery."	Electronics > Communications > Telephony > Mobile Phones	no	https://pzm.ae/api/media/products/1776575859710-0dlzif.webp	samsung-a17-4g-128gb	https://pzm.ae/product/prod-mo4qu4nf-utjgdl/		Brand New Devices > Phones & Tablets			
MacBook Air M1 2020 8GB / 256GB Good Condition	prod-mnnz7ini-ebpaz7	2200.00 AED	used	in stock	Online	AE	en		0	Apple		Used MacBook Air M1 2020 with 256GB SSD.	Electronics > Computers > Laptops	no	https://pzm.ae/api/media/products/1775586827414-ifedn2.webp	apple-macbook-air-m1-2020-8gb-256gb	https://pzm.ae/product/prod-mnnz7ini-ebpaz7/		Used Devices > Laptops & Computers			
iPhone X 256GB White	prod-mo4quvj0-c77vpf	700.00 AED	used	in stock	Online	AE	en		0	Apple		"iPhone X 256GB White from PZM in Dubai with used-device availability, local support, and Cash on Delivery. Battery 100%"	Electronics > Communications > Telephony > Mobile Phones		https://pzm.ae/api/media/products/1776575909298-0f95iz.webp	used-apple-iphone-x-256gb	https://pzm.ae/product/prod-mo4quvj0-c77vpf/	0041505326	Preowned Devices > Phones & Tablets			
Samsung Galaxy A36 5G 128GB / 6GB RAM Black	prod-mo4qu15p-hpx8sd	985.00 AED	new	in stock	Online	AE	en		0	Samsung		"Samsung Galaxy A36 5G 128GB / 6GB RAM Black from PZM in Dubai with brand-new availability, local support, and Cash on Delivery."	Electronics > Communications > Telephony > Mobile Phones	no	https://pzm.ae/api/media/products/1776575841992-ogfnd2.webp	samsung-a36-5g-128gb	https://pzm.ae/product/prod-mo4qu15p-hpx8sd/		Brand New Devices > Phones & Tablets			
iPad 9th Gen 64GB Grey	prod-mnnyll1d-42xb7j	950.00 AED	used	in stock	Online	AE	en		0	Apple		Pre-owned iPad 9th Gen 64GB Wi-Fi in Grey.	Electronics > Computers > Tablet Computers	no	https://pzm.ae/api/media/products/1775586809849-kfy8pz.webp	apple-ipad-9th-gen-64gb	https://pzm.ae/product/prod-mnnyll1d-42xb7j/		Used Devices > Phones & Tablets			
Samsung Galaxy A56 5G 128GB / 8GB RAM Graphite	prod-mo4qtyy3-6ur2l6	1350.00 AED	new	in stock	Online	AE	en		0	Samsung		"Samsung Galaxy A56 5G 128GB / 8GB RAM Graphite from PZM in Dubai with brand-new availability, local support, and Cash on Delivery."	Electronics > Communications > Telephony > Mobile Phones	no	https://pzm.ae/api/media/products/1776575830089-00c44m.webp	samsung-a56-5g-128gb	https://pzm.ae/product/prod-mo4qtyy3-6ur2l6/		Brand New Devices > Phones & Tablets			
Nokia Tab T20 32GB Blue	prod-mo4quyq5-alcmyl	350.00 AED	used	in stock	Online	AE	en		0	Nokia		"Nokia Tab T20 32GB Blue from PZM in Dubai with used-device availability, local support, and Cash on Delivery."	Electronics > Computers > Tablet Computers		https://pzm.ae/api/media/products/1776575922893-po6o1v.webp	used-nokia-tab-t20-32gb	https://pzm.ae/product/prod-mo4quyq5-alcmyl/	0041004126	Preowned Devices > Tablets			
iPhone 17 Pro Max 512GB Deep Blue	prod-mo4quof1-0czwtc	4500.00 AED	used	in stock	Online	AE	en		0	Apple		"iPhone 17 Pro Max 512GB Deep Blue from PZM in Dubai with used-device availability, local support, and Cash on Delivery. Battery 100% Never Fixed Before Valid until 7 Oct 2026"	Electronics > Communications > Telephony > Mobile Phones		https://pzm.ae/api/media/products/1776575884218-jvfpsa.webp	used-apple-iphone-17-pro-max-512gb	https://pzm.ae/product/prod-mo4quof1-0czwtc/	004350017426	Preowned Devices > Phones & Tablets			
iPhone 17 Pro Max 512GB Cosmic Orange	prod-mo4qtmqa-h7xolq	5900.00 AED	new	in stock	Online	AE	en		0	Apple		"iPhone 17 Pro Max 512GB Cosmic Orange from PZM in Dubai with brand-new availability, local support, and Cash on Delivery."	Electronics > Communications > Telephony > Mobile Phones	no	https://pzm.ae/api/media/products/1776708250892-iph7jx.webp	apple-iphone-17-pro-max-512gb	https://pzm.ae/product/prod-mo4qtmqa-h7xolq/		Brand New Devices > Phones & Tablets			
iPhone 17 Pro Max 1TB Silver	prod-mo7h69um-a32bid	6400.00 AED	new	in stock	Online	AE	en		0	Apple		"iPhone 17 Pro Max 1TB Silver from PZM in Dubai with brand-new availability, local support, and Cash on Delivery."		no	https://pzm.ae/api/media/products/1776708268819-8jv9qh.webp		https://pzm.ae/product/prod-mo7h69um-a32bid/		Brand New Devices > Phones & Tablets			
iPhone 15 Pro Max 256GB Black	prod-mnnyli5x-ahzdn4	2850.00 AED	used	in stock	Online	AE	en		0	Apple		Pre-owned iPhone 15 Pro Max with 256GB in Black. Battery health 88%.	Electronics > Communications > Telephony > Mobile Phones	no	https://pzm.ae/api/media/products/1775586757949-2vtuc2.webp	apple-iphone-15-pro-max-256gb	https://pzm.ae/product/prod-mnnyli5x-ahzdn4/		Used Devices > Phones & Tablets			
iPhone 16 Pro 128GB White	prod-mnnylhk1-chkb48	3000.00 AED	used	in stock	Online	AE	en		0	Apple		Pre-owned iPhone 16 Pro with 128GB in White. Battery health 91%. Never fixed.	Electronics > Communications > Telephony > Mobile Phones	no	https://pzm.ae/api/media/products/1775586759004-fhnf4s.webp	apple-iphone-16-pro-128gb	https://pzm.ae/product/prod-mnnylhk1-chkb48/		Used Devices > Phones & Tablets			
"MacBook Air 13"" M4 256GB / 16GB RAM Silver"	prod-mnnyldsg-91l1yj	3500.00 AED	new	in stock	Online	AE	en		0	Apple		Brand new MacBook Air 13-inch M4 in Silver with 256GB storage and 16GB RAM.	Electronics > Computers > Laptops	no	https://pzm.ae/api/media/products/1775586800390-q6j9m1.webp	apple-macbook-air-13-m4-256gb-16gb-ram	https://pzm.ae/product/prod-mnnyldsg-91l1yj/		Brand New Devices > Laptops & Computers			
"Samsung CF390 Curved 27"" 27 inch / 60Hz / FHD / VGA+HDMI Black"	prod-mo4qvi13-zp6a78	385.00 AED	used	in stock	Online	AE	en		0	Samsung		"Samsung CF390 Curved 27"" 27 inch / 60Hz / FHD / VGA+HDMI Black from PZM in Dubai with used-device availability, local support, and Cash on Delivery."			https://pzm.ae/api/media/products/1776576796187-j29aem.webp	used-samsung-cf390-27	https://pzm.ae/product/prod-mo4qvi13-zp6a78/	0041005925	Preowned Devices > Monitors			
"MacBook Pro 2019 15"" 32GB / 512GB / Touch Bar Good Condition"	prod-mnnz7i37-f45q0m	2500.00 AED	used	in stock	Online	AE	en		0	Apple		Used MacBook Pro 2019 15-inch with Touch Bar.	Electronics > Computers > Laptops	no	https://pzm.ae/api/media/products/1775586826134-lzxgcb.webp	apple-macbook-pro-2019-15-32gb-512gb-touch-bar	https://pzm.ae/product/prod-mnnz7i37-f45q0m/		Used Devices > Laptops & Computers			
PS5 Disk Edition 1TB White	prod-mo4qu7vw-p79g80	2100.00 AED	new	in stock	Online	AE	en		0	Sony		"PS5 Disk Edition 1TB White from PZM in Dubai with brand-new availability, local support, and Cash on Delivery."		no	https://pzm.ae/api/media/products/1776575878848-sbulcr.webp		https://pzm.ae/product/prod-mo4qu7vw-p79g80/		Brand New Devices > Gaming			
Microsoft Surface Pro Snapdragon X Plus / 16GB / 512GB Platinum	prod-mo4qv8l4-pcuurb	4500.00 AED	used	in stock	Online	AE	en		0	Microsoft		"Microsoft Surface Pro Snapdragon X Plus / 16GB / 512GB Platinum from PZM in Dubai with used-device availability, local support, and Cash on Delivery."	Electronics > Computers > Laptops		https://pzm.ae/api/media/products/1776575989291-udun6o.webp	used-microsoft-surface-pro-snapdragon	https://pzm.ae/product/prod-mo4qv8l4-pcuurb/	00420010226	Preowned Devices > Laptops			
Honor X8 6+2GB / 128GB Good Condition	prod-mnnz7boc-pchv3y	750.00 AED	used	in stock	Online	AE	en		0	Honor		Used Honor X8 with 128GB storage. Configured with 6+2GB memory. Good condition.	Electronics > Communications > Telephony > Mobile Phones	no	https://pzm.ae/api/media/products/1776579377778-cpcyww.webp	honor-honor-x8-6-2gb-128gb	https://pzm.ae/product/prod-mnnz7boc-pchv3y/		Used Devices > Phones & Tablets			
Lenovo i7 8550u Touch i7 8550u / 8GB / 256GB / Touch Grey	prod-mo4qv6o0-kurbru	1650.00 AED	used	in stock	Online	AE	en		0	Lenovo		"Lenovo i7 8550u Touch i7 8550u / 8GB / 256GB / Touch Grey from PZM in Dubai with used-device availability, local support, and Cash on Delivery."	Electronics > Computers > Laptops		https://pzm.ae/api/media/products/1776575978340-1trvpz.webp	used-lenovo-i7-8550u-256gb	https://pzm.ae/product/prod-mo4qv6o0-kurbru/	001750121024	Preowned Devices > Laptops			
iPhone 6S 64GB Gold	prod-mo4quvwx-668ugf	199.00 AED	used	in stock	Online	AE	en		0	Apple		"iPhone 6S 64GB Gold from PZM in Dubai with used-device availability, local support, and Cash on Delivery."	Electronics > Communications > Telephony > Mobile Phones		https://pzm.ae/api/media/products/1776581273910-1r9nxa.webp	used-apple-iphone-6s-64gb	https://pzm.ae/product/prod-mo4quvwx-668ugf/	0047011225	Preowned Devices > Phones & Tablets			
Dell i5 8th Touch 360 i5 8th / 8GB / 256GB / Touch 360 Silver	prod-mo4qvfeh-a1fu1o	1350.00 AED	used	in stock	Online	AE	en		0	Dell		"Dell i5 8th Touch 360 i5 8th / 8GB / 256GB / Touch 360 Silver from PZM in Dubai with used-device availability, local support, and Cash on Delivery."	Electronics > Computers > Laptops		https://pzm.ae/api/media/products/1776576014978-hui6p6.webp	used-dell-i5-8th-touch360	https://pzm.ae/product/prod-mo4qvfeh-a1fu1o/	00440024126	Preowned Devices > Laptops			
iPhone 17 Pro Max 1TB Cosmic Orange	prod-mo4qtoyr-r82epy	6400.00 AED	new	in stock	Online	AE	en		0	Apple		"iPhone 17 Pro Max 1TB Cosmic Orange from PZM in Dubai with brand-new availability, local support, and Cash on Delivery."	Electronics > Communications > Telephony > Mobile Phones	no	https://pzm.ae/api/media/products/1776708253521-uhddlp.webp	apple-iphone-17-pro-max-1tb	https://pzm.ae/product/prod-mo4qtoyr-r82epy/		Brand New Devices > Phones & Tablets			
Tecno Spark Go 1 64GB / 3GB RAM Good Condition	prod-mnnz7dy1-88bplj	210.00 AED	used	in stock	Online	AE	en		0	Tecno		Used Tecno Spark Go 1 with 64GB storage. Configured with 3GB RAM. Good condition.	Electronics > Communications > Telephony > Mobile Phones	no	https://pzm.ae/api/media/products/1776579383017-c90ar6.webp	tecno-tecno-spark-go-1-64gb-3gb-ram	https://pzm.ae/product/prod-mnnz7dy1-88bplj/		Used Devices > Phones & Tablets			
iPhone 17 Pro 512GB Cosmic Orange	prod-mo4qtt5g-vc9uze	5200.00 AED	new	in stock	Online	AE	en		0	Apple		"iPhone 17 Pro 512GB Cosmic Orange from PZM in Dubai with brand-new availability, local support, and Cash on Delivery."	Electronics > Communications > Telephony > Mobile Phones	no	https://pzm.ae/api/media/products/1776708273898-e7j56e.webp	apple-iphone-17-pro-512gb	https://pzm.ae/product/prod-mo4qtt5g-vc9uze/		Brand New Devices > Phones & Tablets			
ASUS AMD Ryzen 3 Ryzen 3 3250U / 8GB / 256GB Silver	prod-mo4qvc46-64zokb	1350.00 AED	used	in stock	Online	AE	en		0	ASUS		"ASUS AMD Ryzen 3 Ryzen 3 3250U / 8GB / 256GB Silver from PZM in Dubai with used-device availability, local support, and Cash on Delivery."	Electronics > Computers > Laptops		https://pzm.ae/api/media/products/1776575943653-ggc0rn.webp	used-asus-ryzen3-256gb	https://pzm.ae/product/prod-mo4qvc46-64zokb/	0041502226	Preowned Devices > Laptops			
iPhone 17 Pro 256GB Deep Blue	prod-mo4qtrgk-ajcp0z	4700.00 AED	new	in stock	Online	AE	en		0	Apple		"iPhone 17 Pro 256GB Deep Blue from PZM in Dubai with brand-new availability, local support, and Cash on Delivery."	Electronics > Communications > Telephony > Mobile Phones	no	https://pzm.ae/api/media/products/1776708278812-95ora1.webp	apple-iphone-17-pro-256gb	https://pzm.ae/product/prod-mo4qtrgk-ajcp0z/		Brand New Devices > Phones & Tablets			
Xbox One	prod-mnnylg1u-8oymq7	650.00 AED	new	in stock	Online	AE	en		0	Xbox		Xbox One console. Contact us for the latest details.	Electronics > Video Game Consoles	no	https://pzm.ae/api/media/products/1775586805020-ik1juu.webp	xbox-xbox-one-new	https://pzm.ae/product/prod-mnnylg1u-8oymq7/		Brand New Devices > Gaming			
Samsung Galaxy A56 5G 128GB / 8GB RAM Blue	prod-mo4qtzd9-r42rfy	1350.00 AED	new	in stock	Online	AE	en		0	Samsung		"Samsung Galaxy A56 5G 128GB / 8GB RAM Blue from PZM in Dubai with brand-new availability, local support, and Cash on Delivery."	Electronics > Communications > Telephony > Mobile Phones	no	https://pzm.ae/api/media/products/1776575832670-h0l7rh.webp	samsung-a56-5g-128gb	https://pzm.ae/product/prod-mo4qtzd9-r42rfy/		Brand New Devices > Phones & Tablets			
iPhone 14 Pro 128GB Black	prod-mo4qutp7-a5ocz9	1700.00 AED	used	in stock	Online	AE	en		0	Apple		"iPhone 14 Pro 128GB Black from PZM in Dubai with used-device availability, local support, and Cash on Delivery. Battery 89%"	Electronics > Communications > Telephony > Mobile Phones		https://pzm.ae/api/media/products/1775586755510-hc7jp0.webp	used-apple-iphone-14-pro-128gb	https://pzm.ae/product/prod-mo4qutp7-a5ocz9/	00467026126	Preowned Devices > Phones & Tablets			
iPhone 16 128GB White	prod-mntdtfjh-cb8f5v	2590.00 AED	new	in stock	Online	AE	en		0	Apple	white	Brand new iPhone 16 128GB in White. Contact us for current stock confirmation and delivery options.			https://pzm.ae/api/media/products/1775873526712-qnpb9z.webp		https://pzm.ae/product/prod-mntdtfjh-cb8f5v/					AE
Apple Watch SE 40mm GPS Starlight	prod-mo4quzkt-96k1wf	550.00 AED	used	in stock	Online	AE	en		0	Apple		"Apple Watch SE 40mm GPS Starlight from PZM in Dubai with used-device availability, local support, and Cash on Delivery."			https://pzm.ae/api/media/products/1776581271620-ypwu9f.webp	used-apple-watch-se-40mm	https://pzm.ae/product/prod-mo4quzkt-96k1wf/	00413529525	Preowned Devices > Wearables			
AORUS Gaming i7 11th / 32GB / 1TB / RTX 3080 Good Condition	prod-mnnz7fpb-dd66y3	2850.00 AED	used	in stock	Online	AE	en		0	AORUS		Used AORUS gaming laptop with RTX 3080 graphics.	Electronics > Computers > Laptops	no	https://pzm.ae/api/media/products/1775586821540-7fuflc.webp	aorus-aorus-gaming-i7-11th-32gb-1tb-rtx-3080	https://pzm.ae/product/prod-mnnz7fpb-dd66y3/		Used Devices > Laptops & Computers			
Samsung Galaxy A06 4G 64GB / 4GB RAM Blue	prod-mo4qu70a-3nkedx	450.00 AED	new	in stock	Online	AE	en		0	Samsung		"Samsung Galaxy A06 4G 64GB / 4GB RAM Blue from PZM in Dubai with brand-new availability, local support, and Cash on Delivery."	Electronics > Communications > Telephony > Mobile Phones	no	https://pzm.ae/api/media/products/1776575872613-pyh7el.webp	samsung-a06-4g-64gb	https://pzm.ae/product/prod-mo4qu70a-3nkedx/		Brand New Devices > Phones & Tablets			
Nintendo Switch	prod-mnnyleed-ndwdbb	1100.00 AED	new	in stock	Online	AE	en		0	Nintendo		Brand new Nintendo Switch console. Contact us for the exact edition.	Electronics > Video Game Consoles	no	https://pzm.ae/api/media/products/1775586801481-wbs613.webp	nintendo-nintendo-switch-new	https://pzm.ae/product/prod-mnnyleed-ndwdbb/		Brand New Devices > Gaming			
"ASUS 16"" i7 7th i7 7th / 16GB / SSD 128GB + HDD 1TB Black"	prod-mo4qvase-hi2d6y	1150.00 AED	used	in stock	Online	AE	en		0	ASUS		"ASUS 16"" i7 7th i7 7th / 16GB / SSD 128GB + HDD 1TB Black from PZM in Dubai with used-device availability, local support, and Cash on Delivery."	Electronics > Computers > Laptops		https://pzm.ae/api/media/products/1776575937906-2coexi.webp	used-asus-i7-7th-16gb	https://pzm.ae/product/prod-mo4qvase-hi2d6y/	004100221025	Preowned Devices > Laptops			
Gaming PC AMD Ryzen 9 5900H / 48GB / NVME 512GB Black	prod-mnnylm7o-c5k8ap	3850.00 AED	used	in stock	Online	AE	en		0	Gaming PC		Pre-owned gaming PC with 750W DeepCool power supply.	Electronics > Computers > Desktop Computers	no	https://pzm.ae/api/media/products/1775586812373-lgwjoz.webp		https://pzm.ae/product/prod-mnnylm7o-c5k8ap/		Used Devices > Gaming			
Dell Latitude 5400 i7 8th / 16GB / 480GB Black	prod-mo4qvejo-grr2tp	1350.00 AED	used	in stock	Online	AE	en		0	Dell		"Dell Latitude 5400 i7 8th / 16GB / 480GB Black from PZM in Dubai with used-device availability, local support, and Cash on Delivery."	Electronics > Computers > Laptops		https://pzm.ae/api/media/products/1776576009197-l19c9e.webp	used-dell-latitude-5400	https://pzm.ae/product/prod-mo4qvejo-grr2tp/	004350221125	Preowned Devices > Laptops			
AirPods 4 Active Noise Cancellation White	prod-mo4quz43-0qdj92	400.00 AED	used	in stock	Online	AE	en		0	Apple		"AirPods 4 Active Noise Cancellation White from PZM in Dubai with used-device availability, local support, and Cash on Delivery. Valid until Oct 2026"			https://pzm.ae/api/media/products/1776580828538-2twktd.webp	used-apple-airpods-4	https://pzm.ae/product/prod-mo4quz43-0qdj92/	004150071225	Preowned Devices > Audio			
Lenovo ThinkBook i5 13th / 8GB / 256GB	prod-mnnyljke-go92k4	1350.00 AED	used	in stock	Online	AE	en		0	Lenovo		"Certified pre-owned Lenovo ThinkBook with i5 13th Gen, 8GB RAM, 256GB SSD,."	Electronics > Computers > Laptops	no	https://pzm.ae/api/media/products/1775586807575-r54nnr.webp	lenovo-lenovo-thinkbook-i5-13th-8gb-256gb	https://pzm.ae/product/prod-mnnyljke-go92k4/		Used Devices > Laptops & Computers			
Redmi Note 8 6GB / 128GB Good Condition	prod-mnnz7dcf-h2lui0	350.00 AED	used	in stock	Online	AE	en		0	Xiaomi		Used Redmi Note 8 with 128GB storage. Configured with 6GB RAM. Good condition.	Electronics > Communications > Telephony > Mobile Phones	no	https://pzm.ae/api/media/products/1776579380489-zttgfn.webp	xiaomi-redmi-note-8-6gb-128gb	https://pzm.ae/product/prod-mnnz7dcf-h2lui0/		Used Devices > Phones & Tablets			
Nothing 2A 12GB / 256GB Black	prod-mo4quy7k-s0x0ml	850.00 AED	used	in stock	Online	AE	en		0	Nothing		"Nothing 2A 12GB / 256GB Black from PZM in Dubai with used-device availability, local support, and Cash on Delivery."	Electronics > Communications > Telephony > Mobile Phones		https://pzm.ae/api/media/products/1776575920215-za6ic4.webp	used-nothing-2a-256gb	https://pzm.ae/product/prod-mo4quy7k-s0x0ml/	0041001326	Preowned Devices > Phones & Tablets			
MacBook Air M2 2022 8GB / 256GB Good Condition	prod-mnnylj55-ahu1yf	2350.00 AED	used	in stock	Online	AE	en		0	Apple		Certified pre-owned MacBook Air M2 2022 with 8GB RAM and 256GB SSD.	Electronics > Computers > Laptops	no	https://pzm.ae/api/media/products/1775586806329-5x0a5w.webp	apple-macbook-air-m2-2022-8gb-256gb	https://pzm.ae/product/prod-mnnylj55-ahu1yf/		Used Devices > Laptops & Computers			
iPhone 13 Pro 1TB Blue	prod-mnnz7aii-6j2evv	2499.00 AED	used	in stock	Online	AE	en		0	Apple		Pre-owned iPhone 13 Pro with 1TB in Blue. Battery health 97%.	Electronics > Communications > Telephony > Mobile Phones	no	https://pzm.ae/api/media/products/1775587802617-v7e1ll.webp	apple-iphone-13-pro-1tb	https://pzm.ae/product/prod-mnnz7aii-6j2evv/		Used Devices > Phones & Tablets			
"Alienware 19 Gaming i7 12th / 32GB / 1TB / RTX 3080 / 240Hz 16"" Good Condition"	prod-mnnz7gce-ct98iq	4500.00 AED	used	in stock	Online	AE	en		0	Alienware		Used Alienware gaming laptop with 240Hz display.	Electronics > Computers > Laptops	no	https://pzm.ae/api/media/products/1775586822753-fez8ox.webp		https://pzm.ae/product/prod-mnnz7gce-ct98iq/		Used Devices > Laptops & Computers			
"MacBook Pro 16"" 36GB / 512GB / GPU 18-Core Good Condition"	prod-mnnz7hfp-d4coml	7000.00 AED	used	in stock	Online	AE	en		0	Apple		Used MacBook Pro 16-inch with 36GB RAM and 18-core GPU.	Electronics > Computers > Laptops	no	https://pzm.ae/api/media/products/1775586825074-r2sifo.webp	apple-macbook-pro-16-36gb-512gb-gpu-18-core	https://pzm.ae/product/prod-mnnz7hfp-d4coml/		Used Devices > Laptops & Computers			
iPhone 12 Mini 64GB Rose White	prod-mnnz7b8r-fzll92	1100.00 AED	used	in stock	Online	AE	en		0	Apple		Pre-owned iPhone 12 Mini with 64GB in Rose White. Battery health 90%.	Electronics > Communications > Telephony > Mobile Phones	no	https://pzm.ae/api/media/products/1775586751850-wb2uk6.webp	apple-iphone-12-mini-64gb	https://pzm.ae/product/prod-mnnz7b8r-fzll92/		Used Devices > Phones & Tablets			
Samsung Galaxy A56 5G 128GB / 8GB RAM Lavender	prod-mo4qu0lz-2vjsc1	1350.00 AED	new	in stock	Online	AE	en		0	Samsung		"Samsung Galaxy A56 5G 128GB / 8GB RAM Lavender from PZM in Dubai with brand-new availability, local support, and Cash on Delivery."	Electronics > Communications > Telephony > Mobile Phones	no	https://pzm.ae/api/media/products/1776575839197-1aszwp.webp	samsung-a56-5g-128gb	https://pzm.ae/product/prod-mo4qu0lz-2vjsc1/		Brand New Devices > Phones & Tablets			
MacBook Pro 8GB / 256GB Silver	prod-mo4qv2ju-n0vpeb	1200.00 AED	used	in stock	Online	AE	en		0	Apple		"MacBook Pro 8GB / 256GB Silver from PZM in Dubai with used-device availability, local support, and Cash on Delivery."	Electronics > Computers > Laptops		https://pzm.ae/api/media/products/1776575959251-1zwr4m.webp	used-apple-macbook-pro-8gb-256gb	https://pzm.ae/product/prod-mo4qv2ju-n0vpeb/	00423031025	Preowned Devices > Laptops			
ASUS Snapdragon X X1E-26-100 / 16GB / 1TB Silver	prod-mo4qvbfj-cozwar	2500.00 AED	used	in stock	Online	AE	en		0	ASUS		"ASUS Snapdragon X X1E-26-100 / 16GB / 1TB Silver from PZM in Dubai with used-device availability, local support, and Cash on Delivery."	Electronics > Computers > Laptops		https://pzm.ae/api/media/products/1776575940638-tvkcwc.webp	used-asus-snapdragon-x-1tb	https://pzm.ae/product/prod-mo4qvbfj-cozwar/	004100018126	Preowned Devices > Laptops			
iPhone 17 Pro 1TB Cosmic Orange	prod-mo4qtv50-4n6gws	5900.00 AED	new	in stock	Online	AE	en		0	Apple		"iPhone 17 Pro 1TB Cosmic Orange from PZM in Dubai with brand-new availability, local support, and Cash on Delivery."	Electronics > Communications > Telephony > Mobile Phones	no	https://pzm.ae/api/media/products/1776708276323-ux0h95.webp	apple-iphone-17-pro-1tb	https://pzm.ae/product/prod-mo4qtv50-4n6gws/		Brand New Devices > Phones & Tablets			
MacBook Air Intel i5 8GB / 128GB Silver	prod-mo4qv4nx-sdjkha	750.00 AED	used	in stock	Online	AE	en		0	Apple		"MacBook Air Intel i5 8GB / 128GB Silver from PZM in Dubai with used-device availability, local support, and Cash on Delivery."	Electronics > Computers > Laptops		https://pzm.ae/api/media/products/1776575970520-kt7g61.webp	used-apple-macbook-air-intel-i5	https://pzm.ae/product/prod-mo4qv4nx-sdjkha/	001230141224	Preowned Devices > Laptops			
iPhone XS Max 512GB Gold	prod-mo4quv3l-4vqs9i	1350.00 AED	used	in stock	Online	AE	en		0	Apple		"iPhone XS Max 512GB Gold from PZM in Dubai with used-device availability, local support, and Cash on Delivery. Battery 95%"	Electronics > Communications > Telephony > Mobile Phones		https://pzm.ae/api/media/products/1776580042176-wk3p2d.webp	used-apple-iphone-xs-max-512gb	https://pzm.ae/product/prod-mo4quv3l-4vqs9i/	004450171225	Preowned Devices > Phones & Tablets			
iPhone 16 128GB Blue	prod-mo4qurxf-2xeuzd	1850.00 AED	used	in stock	Online	AE	en		0	Apple		"iPhone 16 128GB Blue from PZM in Dubai with used-device availability, local support, and Cash on Delivery. Battery 89%"	Electronics > Communications > Telephony > Mobile Phones		https://pzm.ae/api/media/products/1776580822973-uc5ecl.webp	used-apple-iphone-16-128gb	https://pzm.ae/product/prod-mo4qurxf-2xeuzd/	004105011226	Preowned Devices > Phones & Tablets			
iPhone 17 Pro Max 256GB Deep Blue	prod-mo4qtl68-w7ak8x	5100.00 AED	new	in stock	Online	AE	en		0	Apple		"iPhone 17 Pro Max 256GB Deep Blue from PZM in Dubai with brand-new availability, local support, and Cash on Delivery."	Electronics > Communications > Telephony > Mobile Phones	no	https://pzm.ae/api/media/products/1776708256025-w2rtfl.webp	apple-iphone-17-pro-max-256gb	https://pzm.ae/product/prod-mo4qtl68-w7ak8x/		Brand New Devices > Phones & Tablets			
Samsung Galaxy A07 4G 64GB / 4GB RAM Blue	prod-mo4qu5ie-8pjqn6	485.00 AED	new	in stock	Online	AE	en		0	Samsung		"Samsung Galaxy A07 4G 64GB / 4GB RAM Blue from PZM in Dubai with brand-new availability, local support, and Cash on Delivery."	Electronics > Communications > Telephony > Mobile Phones	no	https://pzm.ae/api/media/products/1776575864499-lgyja6.webp	samsung-a07-4g-64gb	https://pzm.ae/product/prod-mo4qu5ie-8pjqn6/		Brand New Devices > Phones & Tablets			
Samsung Galaxy A36 5G 128GB / 6GB RAM Blue	prod-mo4qu1n0-1vrmx9	985.00 AED	new	in stock	Online	AE	en		0	Samsung		"Samsung Galaxy A36 5G 128GB / 6GB RAM Blue from PZM in Dubai with brand-new availability, local support, and Cash on Delivery."	Electronics > Communications > Telephony > Mobile Phones	no	https://pzm.ae/api/media/products/1776575844627-hz3kc2.webp	samsung-a36-5g-128gb	https://pzm.ae/product/prod-mo4qu1n0-1vrmx9/		Brand New Devices > Phones & Tablets			
iPhone 17 (eSIM + Physical SIM) 256GB Silver	prod-mnku9nz1-0jms1d	3200.00 AED	new	in stock	Online	AE	en		0	Apple	silver	Brand new iPhone 17 256GB in Silver with eSIM plus physical SIM support.			https://pzm.ae/api/media/products/1775586761810-capdnf.webp		https://pzm.ae/product/prod-mnku9nz1-0jms1d/					AE
iPhone 16 Pro 256GB White	prod-mo4qupb7-m1ghc4	3100.00 AED	used	in stock	Online	AE	en		0	Apple		"iPhone 16 Pro 256GB White from PZM in Dubai with used-device availability, local support, and Cash on Delivery. Battery 90% Never Fixed Before"	Electronics > Communications > Telephony > Mobile Phones		https://pzm.ae/api/media/products/1775586759004-fhnf4s.webp	used-apple-iphone-16-pro-256gb	https://pzm.ae/product/prod-mo4qupb7-m1ghc4/	00421506326	Preowned Devices > Phones & Tablets			
Dell i3 10th Touch 360 i3 10th / 8GB / 256GB / Touch 360 Silver	prod-mo4qvfus-x7ceke	1250.00 AED	used	in stock	Online	AE	en		0	Dell		"Dell i3 10th Touch 360 i3 10th / 8GB / 256GB / Touch 360 Silver from PZM in Dubai with used-device availability, local support, and Cash on Delivery."	Electronics > Computers > Laptops		https://pzm.ae/api/media/products/1776576017519-tza4fb.webp	used-dell-i3-10th-touch360	https://pzm.ae/product/prod-mo4qvfus-x7ceke/	00436524126	Preowned Devices > Laptops			
ASUS ROG Strix Gaming 32GB / 1TB / RTX 4070 Good Condition	prod-mnnz7f1p-375zkm	4200.00 AED	used	in stock	Online	AE	en		0	ASUS		Used ASUS ROG Strix gaming laptop with RTX 4070 graphics.	Electronics > Computers > Laptops	no	https://pzm.ae/api/media/products/1775586820412-d9drsf.webp	asus-asus-rog-strix-gaming-32gb-1tb-rtx-4070	https://pzm.ae/product/prod-mnnz7f1p-375zkm/		Used Devices > Laptops & Computers			
Samsung A06 4G 64GB / 4GB RAM	prod-mnnyld0a-ejxqds	450.00 AED	new	in stock	Online	AE	en		0	Samsung		Brand new Samsung A06 4G with official warranty. Contact us for color options. Configured with 4GB RAM and 64GB storage.			https://pzm.ae/api/media/products/1775586799025-ajw5jp.webp		https://shop.pzm.ae/product/prod-mnnyld0a-ejxqds/					AE
Samsung A36 8GB / 128GB Black	prod-mo4quwy7-w9ujnm	750.00 AED	used	in stock	Online	AE	en		0	Samsung		"Samsung A36 8GB / 128GB Black from PZM in Dubai with used-device availability, local support, and Cash on Delivery."	Electronics > Communications > Telephony > Mobile Phones		https://pzm.ae/api/media/products/1776575917568-2aho4s.webp	used-samsung-a36-128gb	https://pzm.ae/product/prod-mo4quwy7-w9ujnm/	00440020126	Preowned Devices > Phones & Tablets			
Desktop i5 10th i5 10th / 8GB / SSD 256GB + HDD 1TB Black	prod-mo4qvhlv-mqcmdi	950.00 AED	used	in stock	Online	AE	en		0	Custom		"Desktop i5 10th i5 10th / 8GB / SSD 256GB + HDD 1TB Black from PZM in Dubai with used-device availability, local support, and Cash on Delivery."	Electronics > Computers > Desktop Computers		https://pzm.ae/api/media/products/1776576026114-n1fcba.webp	used-desktop-i5-10th-256gb	https://pzm.ae/product/prod-mo4qvhlv-mqcmdi/	0042504325	Preowned Devices > Desktop PCs			
iPhone 13 Pro 256GB Gold	prod-mo4quu5q-738u4c	1800.00 AED	used	in stock	Online	AE	en		0	Apple		"iPhone 13 Pro 256GB Gold from PZM in Dubai with used-device availability, local support, and Cash on Delivery. Battery 100%"	Electronics > Communications > Telephony > Mobile Phones		https://pzm.ae/api/media/products/1776579386014-mzmino.webp	used-apple-iphone-13-pro-256gb	https://pzm.ae/product/prod-mo4quu5q-738u4c/	00410005326	Preowned Devices > Phones & Tablets			
MacBook Pro Intel i5 8GB / 256GB Silver	prod-mo4qv46y-vxbax8	1100.00 AED	used	in stock	Online	AE	en		0	Apple		"MacBook Pro Intel i5 8GB / 256GB Silver from PZM in Dubai with used-device availability, local support, and Cash on Delivery."	Electronics > Computers > Laptops		https://pzm.ae/api/media/products/1776575967755-debsuc.webp	used-apple-macbook-pro-intel-i5	https://pzm.ae/product/prod-mo4qv46y-vxbax8/	0015758824	Preowned Devices > Laptops			
JBL PartyBox 520 400W / IPX4 / 15H Battery Black	prod-mo4qu8e1-r64qrt	2500.00 AED	new	in stock	Online	AE	en		0	JBL		"JBL PartyBox 520 400W / IPX4 / 15H Battery Black from PZM in Dubai with brand-new availability, local support, and Cash on Delivery."	Electronics > Audio > Audio Components > Speakers		https://pzm.ae/api/media/products/1776575881057-6igdj4.webp		https://pzm.ae/product/prod-mo4qu8e1-r64qrt/	004800100126	Brand New Devices > Audio			
ASUS VivoBook i5 12th i5 12th / 16GB / 512GB Black	prod-mo4qvcig-un88fd	1450.00 AED	used	in stock	Online	AE	en		0	ASUS		"ASUS VivoBook i5 12th i5 12th / 16GB / 512GB Black from PZM in Dubai with used-device availability, local support, and Cash on Delivery."	Electronics > Computers > Laptops		https://pzm.ae/api/media/products/1776575946063-nd9oiv.webp	used-asus-vivobook-i5-12th-512gb	https://pzm.ae/product/prod-mo4qvcig-un88fd/	00440018326	Preowned Devices > Laptops			
iPhone 17 Pro Max 512GB Silver	prod-mo7h68vb-l3tiaq	5900.00 AED	new	in stock	Online	AE	en		0	Apple		"iPhone 17 Pro Max 512GB Silver from PZM in Dubai with brand-new availability, local support, and Cash on Delivery."		no	https://pzm.ae/api/media/products/1776708266387-9klutz.webp		https://pzm.ae/product/prod-mo7h68vb-l3tiaq/		Brand New Devices > Phones & Tablets			
"MacBook M1 Pro 16"" 16GB / 512GB Silver"	prod-mo4qv1jy-ln1oj0	4500.00 AED	used	in stock	Online	AE	en		0	Apple		"MacBook M1 Pro 16"" 16GB / 512GB Silver from PZM in Dubai with used-device availability, local support, and Cash on Delivery. Battery 87% Never Fixed Before"	Electronics > Computers > Laptops		https://pzm.ae/api/media/products/1776575953880-bq4p2o.webp	used-apple-macbook-m1-pro-16	https://pzm.ae/product/prod-mo4qv1jy-ln1oj0/	00415006426	Preowned Devices > Laptops			
Microsoft Ultra 5 135U Ultra 5 135U / 16GB / 256GB Silver	prod-mo4qva51-nygq9x	2500.00 AED	used	in stock	Online	AE	en		0	Microsoft		"Microsoft Ultra 5 135U Ultra 5 135U / 16GB / 256GB Silver from PZM in Dubai with used-device availability, local support, and Cash on Delivery."	Electronics > Computers > Laptops		https://pzm.ae/api/media/products/1776575998156-uj1syg.webp	used-microsoft-ultra5-256gb	https://pzm.ae/product/prod-mo4qva51-nygq9x/	004100012925	Preowned Devices > Laptops			
iPhone 17 256GB Green	prod-mo4qty7a-vzlgoj	3500.00 AED	new	in stock	Online	AE	en		0	Apple		"iPhone 17 256GB Green from PZM in Dubai with brand-new availability, local support, and Cash on Delivery."	Electronics > Communications > Telephony > Mobile Phones		https://pzm.ae/api/media/products/1776708294236-gyknlh.webp	apple-iphone-17-256gb	https://pzm.ae/product/prod-mo4qty7a-vzlgoj/	004250030326	Brand New Devices > Phones & Tablets			
"MacBook Air 2024 13"" 256GB / 16GB RAM Silver"	prod-mo4qv20g-8lfn7l	3100.00 AED	used	in stock	Online	AE	en		0	Apple		"MacBook Air 2024 13"" 256GB / 16GB RAM Silver from PZM in Dubai with used-device availability, local support, and Cash on Delivery. Battery 100%"	Electronics > Computers > Laptops		https://pzm.ae/api/media/products/1776575956398-bzdnyr.webp	used-apple-macbook-air-2024-13	https://pzm.ae/product/prod-mo4qv20g-8lfn7l/	004210013925	Preowned Devices > Laptops			
iPhone 17 Pro Max 512GB Deep Blue	prod-mo4qtn8o-i0ayrh	5900.00 AED	new	in stock	Online	AE	en		0	Apple		"iPhone 17 Pro Max 512GB Deep Blue from PZM in Dubai with brand-new availability, local support, and Cash on Delivery."	Electronics > Communications > Telephony > Mobile Phones	no	https://pzm.ae/api/media/products/1776708258704-h9v8df.webp	apple-iphone-17-pro-max-512gb	https://pzm.ae/product/prod-mo4qtn8o-i0ayrh/		Brand New Devices > Phones & Tablets			
iPhone 13 128GB Red	prod-mo4quujo-8f7u32	1350.00 AED	used	in stock	Online	AE	en		0	Apple		"iPhone 13 128GB Red from PZM in Dubai with used-device availability, local support, and Cash on Delivery. Battery 86%"	Electronics > Communications > Telephony > Mobile Phones		https://pzm.ae/api/media/products/1776575902778-p9akzn.webp	used-apple-iphone-13-128gb	https://pzm.ae/product/prod-mo4quujo-8f7u32/	00435017426	Preowned Devices > Phones & Tablets			
Samsung A56 18GB / 128GB Black	prod-mo4quwkd-tbeqbh	950.00 AED	used	in stock	Online	AE	en		0	Samsung		"Samsung A56 18GB / 128GB Black from PZM in Dubai with used-device availability, local support, and Cash on Delivery."	Electronics > Communications > Telephony > Mobile Phones		https://pzm.ae/api/media/products/1776575914579-y4dnkb.webp	used-samsung-a56-128gb	https://pzm.ae/product/prod-mo4quwkd-tbeqbh/	0043001326	Preowned Devices > Phones & Tablets			
Samsung Galaxy A17 4G 128GB / 4GB RAM Blue	prod-mo4qu42b-2giizc	650.00 AED	new	in stock	Online	AE	en		0	Samsung		"Samsung Galaxy A17 4G 128GB / 4GB RAM Blue from PZM in Dubai with brand-new availability, local support, and Cash on Delivery."	Electronics > Communications > Telephony > Mobile Phones	no	https://pzm.ae/api/media/products/1776575856046-ft063u.webp	samsung-a17-4g-128gb	https://pzm.ae/product/prod-mo4qu42b-2giizc/		Brand New Devices > Phones & Tablets			
MacBook Air 2013 4GB / 256GB Silver	prod-mo4qv3ta-tpelta	950.00 AED	used	in stock	Online	AE	en		0	Apple		"MacBook Air 2013 4GB / 256GB Silver from PZM in Dubai with used-device availability, local support, and Cash on Delivery."	Electronics > Computers > Laptops		https://pzm.ae/api/media/products/1776580834758-o8dgwd.webp	used-apple-macbook-air-2013	https://pzm.ae/product/prod-mo4qv3ta-tpelta/	003700261225	Preowned Devices > Laptops			
iPhone 15 Pro 256GB Black	prod-mo4qutbh-1i7n4y	2650.00 AED	used	in stock	Online	AE	en		0	Apple		"iPhone 15 Pro 256GB Black from PZM in Dubai with used-device availability, local support, and Cash on Delivery. Battery 86% Never Fixed Before"	Electronics > Communications > Telephony > Mobile Phones		https://pzm.ae/api/media/products/1776580045324-jtvx62.webp	used-apple-iphone-15-pro-256gb	https://pzm.ae/product/prod-mo4qutbh-1i7n4y/	004200012426	Preowned Devices > Phones & Tablets			
Samsung Galaxy A07 4G 64GB / 4GB RAM White	prod-mo4qu66z-v8pijq	485.00 AED	new	in stock	Online	AE	en		0	Samsung		"Samsung Galaxy A07 4G 64GB / 4GB RAM White from PZM in Dubai with brand-new availability, local support, and Cash on Delivery."	Electronics > Communications > Telephony > Mobile Phones	no	https://pzm.ae/api/media/products/1776575867288-j7htvk.webp	samsung-a07-4g-64gb	https://pzm.ae/product/prod-mo4qu66z-v8pijq/		Brand New Devices > Phones & Tablets			
Samsung Galaxy A56 5G 128GB / 8GB RAM White	prod-mo4qtzwv-6l7kb9	1350.00 AED	new	in stock	Online	AE	en		0	Samsung		"Samsung Galaxy A56 5G 128GB / 8GB RAM White from PZM in Dubai with brand-new availability, local support, and Cash on Delivery."	Electronics > Communications > Telephony > Mobile Phones	no	https://pzm.ae/api/media/products/1776575835937-zhraaq.webp	samsung-a56-5g-128gb	https://pzm.ae/product/prod-mo4qtzwv-6l7kb9/		Brand New Devices > Phones & Tablets			
Microsoft Surface 3 4GB / 128GB Silver	prod-mo4qv992-46faex	850.00 AED	used	in stock	Online	AE	en		0	Microsoft		"Microsoft Surface 3 4GB / 128GB Silver from PZM in Dubai with used-device availability, local support, and Cash on Delivery."	Electronics > Computers > Laptops		https://pzm.ae/api/media/products/1776575992621-vx5qt1.webp	used-microsoft-surface-3	https://pzm.ae/product/prod-mo4qv992-46faex/	004100151125	Preowned Devices > Laptops			
Microsoft Surface Pro Snapdragon X Plus / 16GB / 512GB Good Condition	prod-mnnyljzi-16mj7n	4500.00 AED	used	in stock	Online	AE	en		0	Microsoft		"Certified pre-owned Microsoft Surface Pro with Snapdragon X Plus, 16GB RAM, 512GB storage, and keyboard included."	Electronics > Computers > Laptops	no	https://pzm.ae/api/media/products/1775588591954-tpcs7c.webp		https://pzm.ae/product/prod-mnnyljzi-16mj7n/		Used Devices > Laptops & Computers			
Apple Pencil USB-C White	prod-mo4quzyw-nxxqq1	250.00 AED	used	in stock	Online	AE	en		0	Apple		"Apple Pencil USB-C White from PZM in Dubai with used-device availability, local support, and Cash on Delivery."			https://pzm.ae/api/media/products/1776581268408-ljir9e.webp	used-apple-pencil-usbc	https://pzm.ae/product/prod-mo4quzyw-nxxqq1/	0045026925	Preowned Devices > Accessories			
