bucket,url,final_url,status,redirect_chain,title,canonical,canonical_self,robots_meta,is_noindex,og_url,og_url_matches_canonical,jsonld_blocks,has_product,has_breadcrumb,has_organization,has_itemlist,word_count,issues
sitemap,https://pzm.ae/terms/,https://pzm.ae/terms/,200,https://pzm.ae/terms/ [200],Terms &amp; Conditions | PZM Dubai,https://pzm.ae/terms/,True,"index, follow",False,https://pzm.ae/terms/,True,0,False,False,False,False,612,
sitemap,https://pzm.ae/,https://pzm.ae/,200,https://pzm.ae/ [200],"PZM Computers &amp; Phones – Sell, New, Used, Repair, PC Build | Barsha Dubai",https://pzm.ae/,True,"index, follow",False,https://pzm.ae/,True,1,False,False,False,False,798,homepage missing Organization/LocalBusiness JSON-LD
sitemap,https://pzm.ae/services/gaming-pc/,https://pzm.ae/services/gaming-pc/,200,https://pzm.ae/services/gaming-pc/ [200],Gaming PC Builds in Dubai | PZM Computers &amp; Phones,https://pzm.ae/services/gaming-pc/,True,"index, follow",False,https://pzm.ae/services/gaming-pc/,True,1,False,True,False,False,494,
sitemap,https://pzm.ae/services/sell-gadgets/,https://pzm.ae/services/sell-gadgets/,200,https://pzm.ae/services/sell-gadgets/ [200],Sell Your Device in Dubai | PZM Computers &amp; Phones,https://pzm.ae/services/sell-gadgets/,True,"index, follow",False,https://pzm.ae/services/sell-gadgets/,True,1,False,True,False,False,493,
sitemap,https://pzm.ae/blog/,https://pzm.ae/blog/,200,https://pzm.ae/blog/ [200],"Tech Blog - iPhone, PC &amp; Repair Tips | PZM Dubai",https://pzm.ae/blog/,True,"index, follow",False,https://pzm.ae/blog/,True,1,False,True,False,False,413,
sitemap,https://pzm.ae/services/accessories/,https://pzm.ae/services/accessories/,200,https://pzm.ae/services/accessories/ [200],Accessories in Dubai | PZM Computers &amp; Phones,https://pzm.ae/services/accessories/,True,"index, follow",False,https://pzm.ae/services/accessories/,True,1,False,True,False,False,367,
sitemap,https://pzm.ae/services/,https://pzm.ae/services/,200,https://pzm.ae/services/ [200],Our Services | PZM Computers &amp; Phones,https://pzm.ae/services/,True,"index, follow",False,https://pzm.ae/services/,True,1,False,True,False,False,303,
sitemap,https://pzm.ae/return-policy/,https://pzm.ae/return-policy/,200,https://pzm.ae/return-policy/ [200],Return &amp; Refund Policy | PZM Dubai,https://pzm.ae/return-policy/,True,"index, follow",False,https://pzm.ae/return-policy/,True,0,False,False,False,False,397,
sitemap,https://pzm.ae/areas/,https://pzm.ae/areas/,200,https://pzm.ae/areas/ [200],Areas We Serve in Dubai | PZM Computers &amp; Phones,https://pzm.ae/areas/,True,"index, follow",False,https://pzm.ae/areas/,True,1,False,True,False,False,510,
sitemap,https://pzm.ae/services/repair/,https://pzm.ae/services/repair/,200,https://pzm.ae/services/repair/ [200],Repair Services in Dubai | PZM Computers &amp; Phones,https://pzm.ae/services/repair/,True,"index, follow",False,https://pzm.ae/services/repair/,True,1,False,True,False,False,514,
sitemap,https://pzm.ae/services/laptop-shop/,https://pzm.ae/services/laptop-shop/,200,https://pzm.ae/services/laptop-shop/ [200],Laptop Shop in Dubai | PZM Computers &amp; Phones,https://pzm.ae/services/laptop-shop/,True,"index, follow",False,https://pzm.ae/services/laptop-shop/,True,1,False,True,False,False,479,
sitemap,https://pzm.ae/services/brand-new/,https://pzm.ae/services/brand-new/,200,https://pzm.ae/services/brand-new/ [200],Brand New Devices in Dubai | PZM Dubai,https://pzm.ae/services/brand-new/,True,"index, follow",False,https://pzm.ae/services/brand-new/,True,2,False,True,False,False,8580,
sitemap,https://pzm.ae/services/buy-iphone/,https://pzm.ae/services/buy-iphone/,200,https://pzm.ae/services/buy-iphone/ [200],"Buy iPhone 17 Pro Max, Pro, Air &amp; iPhone 17 in Dubai | PZM",https://pzm.ae/services/buy-iphone/,True,"index, follow",False,https://pzm.ae/services/buy-iphone/,True,2,False,True,False,False,6730,
sitemap,https://pzm.ae/services/secondhand/,https://pzm.ae/services/secondhand/,200,https://pzm.ae/services/secondhand/ [200],"Buy Used iPhones, Laptops &amp; Gaming PCs | PZM Dubai",https://pzm.ae/services/secondhand/,True,"index, follow",False,https://pzm.ae/services/secondhand/,True,2,False,True,False,False,10245,
sitemap,https://pzm.ae/services/computer-shop/,https://pzm.ae/services/computer-shop/,200,https://pzm.ae/services/computer-shop/ [200],Computer Shop in Dubai | PZM Computers &amp; Phones,https://pzm.ae/services/computer-shop/,True,"index, follow",False,https://pzm.ae/services/computer-shop/,True,1,False,True,False,False,458,
sitemap,https://pzm.ae/services/web-design/,https://pzm.ae/services/web-design/,200,https://pzm.ae/services/web-design/ [200],Website Design in Dubai | PZM Computers &amp; Phones,https://pzm.ae/services/web-design/,True,"index, follow",False,https://pzm.ae/services/web-design/,True,1,False,True,False,False,308,
sitemap,https://pzm.ae/areas/dubai-marina/,https://pzm.ae/areas/dubai-marina/,200,https://pzm.ae/areas/dubai-marina/ [200],Phone and Laptop Services for Dubai Marina &amp; JLT | PZM,https://pzm.ae/areas/dubai-marina/,True,"index, follow",False,https://pzm.ae/areas/dubai-marina/,True,2,False,True,False,False,380,
sitemap,https://pzm.ae/areas/al-barsha/,https://pzm.ae/areas/al-barsha/,200,https://pzm.ae/areas/al-barsha/ [200],Phone and Laptop Store in Al Barsha &amp; Dubai Science Park | PZM,https://pzm.ae/areas/al-barsha/,True,"index, follow",False,https://pzm.ae/areas/al-barsha/,True,2,False,True,False,False,574,
sitemap,https://pzm.ae/areas/al-quoz/,https://pzm.ae/areas/al-quoz/,200,https://pzm.ae/areas/al-quoz/ [200],Phone and Laptop Services Near Al Quoz Dubai | PZM,https://pzm.ae/areas/al-quoz/,True,"index, follow",False,https://pzm.ae/areas/al-quoz/,True,2,False,True,False,False,410,
sitemap,https://pzm.ae/areas/emirates-hills/,https://pzm.ae/areas/emirates-hills/,200,https://pzm.ae/areas/emirates-hills/ [200],"Phone and Laptop Services for Emirates Hills, Springs &amp; Meadows | PZM",https://pzm.ae/areas/emirates-hills/,True,"index, follow",False,https://pzm.ae/areas/emirates-hills/,True,2,False,True,False,False,398,
sitemap,https://pzm.ae/areas/jumeirah/,https://pzm.ae/areas/jumeirah/,200,https://pzm.ae/areas/jumeirah/ [200],Phone and Laptop Services for Jumeirah Dubai | PZM,https://pzm.ae/areas/jumeirah/,True,"index, follow",False,https://pzm.ae/areas/jumeirah/,True,2,False,True,False,False,383,
sitemap,https://pzm.ae/areas/jbr/,https://pzm.ae/areas/jbr/,200,https://pzm.ae/areas/jbr/ [200],Phone and Laptop Services for JBR Dubai | PZM,https://pzm.ae/areas/jbr/,True,"index, follow",False,https://pzm.ae/areas/jbr/,True,2,False,True,False,False,366,
sitemap,https://pzm.ae/areas/jumeirah-village/,https://pzm.ae/areas/jumeirah-village/,200,https://pzm.ae/areas/jumeirah-village/ [200],Phone and Laptop Services for JVC &amp; JVT | PZM Dubai,https://pzm.ae/areas/jumeirah-village/,True,"index, follow",False,https://pzm.ae/areas/jumeirah-village/,True,2,False,True,False,False,397,
sitemap,https://pzm.ae/blog/gold-record-highs-tech-buyers-dubai-2026/,https://pzm.ae/blog/gold-record-highs-tech-buyers-dubai-2026/,200,https://pzm.ae/blog/gold-record-highs-tech-buyers-dubai-2026/ [200],Gold Prices Hit Record Highs - What It Means for… | PZM Blog,https://pzm.ae/blog/gold-record-highs-tech-buyers-dubai-2026/,True,"index, follow",False,https://pzm.ae/blog/gold-record-highs-tech-buyers-dubai-2026/,True,2,False,True,True,False,654,
sitemap,https://pzm.ae/areas/tecom/,https://pzm.ae/areas/tecom/,200,https://pzm.ae/areas/tecom/ [200],"Phone and Laptop Services for Tecom, Barsha Heights &amp; Al Sufouh | PZM",https://pzm.ae/areas/tecom/,True,"index, follow",False,https://pzm.ae/areas/tecom/,True,2,False,True,False,False,543,
sitemap,https://pzm.ae/blog/us-tariffs-2026-electronics-prices-dubai/,https://pzm.ae/blog/us-tariffs-2026-electronics-prices-dubai/,200,https://pzm.ae/blog/us-tariffs-2026-electronics-prices-dubai/ [200],How US Tariffs in 2026 Are Changing Electronics … | PZM Blog,https://pzm.ae/blog/us-tariffs-2026-electronics-prices-dubai/,True,"index, follow",False,https://pzm.ae/blog/us-tariffs-2026-electronics-prices-dubai/,True,2,False,True,True,False,586,
sitemap,https://pzm.ae/blog/top-5-iphone-repair-tips/,https://pzm.ae/blog/top-5-iphone-repair-tips/,200,https://pzm.ae/blog/top-5-iphone-repair-tips/ [200],Top 5 iPhone Repair Tips Every Owner Should Know… | PZM Blog,https://pzm.ae/blog/top-5-iphone-repair-tips/,True,"index, follow",False,https://pzm.ae/blog/top-5-iphone-repair-tips/,True,2,False,True,True,False,483,
sitemap,https://pzm.ae/blog/ultimate-guide-buying-used-laptops/,https://pzm.ae/blog/ultimate-guide-buying-used-laptops/,200,https://pzm.ae/blog/ultimate-guide-buying-used-laptops/ [200],The Smart Buyer's Guide to Used Laptops in Dubai… | PZM Blog,https://pzm.ae/blog/ultimate-guide-buying-used-laptops/,True,"index, follow",False,https://pzm.ae/blog/ultimate-guide-buying-used-laptops/,True,2,False,True,True,False,542,
sitemap,https://pzm.ae/blog/how-to-choose-perfect-gaming-pc-build/,https://pzm.ae/blog/how-to-choose-perfect-gaming-pc-build/,200,https://pzm.ae/blog/how-to-choose-perfect-gaming-pc-build/ [200],How to Choose the Perfect Gaming PC Build in 2026 | PZM Blog,https://pzm.ae/blog/how-to-choose-perfect-gaming-pc-build/,True,"index, follow",False,https://pzm.ae/blog/how-to-choose-perfect-gaming-pc-build/,True,2,False,True,True,False,497,
sitemap,https://pzm.ae/blog/essential-pc-maintenance-tips/,https://pzm.ae/blog/essential-pc-maintenance-tips/,200,https://pzm.ae/blog/essential-pc-maintenance-tips/ [200],Essential PC Maintenance Tips to Avoid Costly Re… | PZM Blog,https://pzm.ae/blog/essential-pc-maintenance-tips/,True,"index, follow",False,https://pzm.ae/blog/essential-pc-maintenance-tips/,True,2,False,True,True,False,446,
sitemap,https://pzm.ae/blog/latest-mobile-accessories-2025/,https://pzm.ae/blog/latest-mobile-accessories-2025/,200,https://pzm.ae/blog/latest-mobile-accessories-2025/ [200],Must-Have Phone and Laptop Accessories in 2026 | PZM Blog,https://pzm.ae/blog/latest-mobile-accessories-2025/,True,"index, follow",False,https://pzm.ae/blog/latest-mobile-accessories-2025/,True,2,False,True,True,False,417,
sitemap,https://pzm.ae/blog/understanding-smartphone-battery-life/,https://pzm.ae/blog/understanding-smartphone-battery-life/,200,https://pzm.ae/blog/understanding-smartphone-battery-life/ [200],Why Your Phone Battery Dies So Fast and How to F… | PZM Blog,https://pzm.ae/blog/understanding-smartphone-battery-life/,True,"index, follow",False,https://pzm.ae/blog/understanding-smartphone-battery-life/,True,2,False,True,True,False,407,
sitemap,https://pzm.ae/blog/iran-us-tensions-mobile-pc-prices-uae-2026/,https://pzm.ae/blog/iran-us-tensions-mobile-pc-prices-uae-2026/,200,https://pzm.ae/blog/iran-us-tensions-mobile-pc-prices-uae-2026/ [200],How Iran-US Tensions Are Affecting Mobile and PC… | PZM Blog,https://pzm.ae/blog/iran-us-tensions-mobile-pc-prices-uae-2026/,True,"index, follow",False,https://pzm.ae/blog/iran-us-tensions-mobile-pc-prices-uae-2026/,True,2,False,True,True,False,447,
sitemap,https://pzm.ae/product/prod-mo4qviia-t4t7si/,https://pzm.ae/product/prod-mo4qviia-t4t7si/,200,https://pzm.ae/product/prod-mo4qviia-t4t7si/ [200],Samsung S3 Curved 24&quot; 24 inch / 60Hz / FHD / HDMI+VGA Black | PZM Computers &amp; Phones,https://pzm.ae/product/prod-mo4qviia-t4t7si/,True,"index, follow",False,https://pzm.ae/product/prod-mo4qviia-t4t7si/,True,2,True,True,False,False,198,
sitemap,https://pzm.ae/product/prod-mo4quvwx-668ugf/,https://pzm.ae/product/prod-mo4quvwx-668ugf/,200,https://pzm.ae/product/prod-mo4quvwx-668ugf/ [200],iPhone 6S 64GB Gold | PZM Computers &amp; Phones,https://pzm.ae/product/prod-mo4quvwx-668ugf/,True,"index, follow",False,https://pzm.ae/product/prod-mo4quvwx-668ugf/,True,2,True,True,False,False,128,
sitemap,https://pzm.ae/product/prod-mnnz7dy1-88bplj/,https://pzm.ae/product/prod-mnnz7dy1-88bplj/,200,https://pzm.ae/product/prod-mnnz7dy1-88bplj/ [200],Tecno Spark Go 1 64GB / 3GB RAM Good Condition | PZM Computers &amp; Phones,https://pzm.ae/product/prod-mnnz7dy1-88bplj/,True,"index, follow",False,https://pzm.ae/product/prod-mnnz7dy1-88bplj/,True,2,True,True,False,False,216,
sitemap,https://pzm.ae/product/prod-mo4qvjs4-gox7cc/,https://pzm.ae/product/prod-mo4qvjs4-gox7cc/,200,https://pzm.ae/product/prod-mo4qvjs4-gox7cc/ [200],BenQ 27&quot; FHD 27 inch / 60Hz / FHD / 1920x1080 Black | PZM Computers &amp; Phones,https://pzm.ae/product/prod-mo4qvjs4-gox7cc/,True,"index, follow",False,https://pzm.ae/product/prod-mo4qvjs4-gox7cc/,True,2,True,True,False,False,190,
sitemap,https://pzm.ae/product/prod-mnnz7lck-2n3b85/,https://pzm.ae/product/prod-mnnz7lck-2n3b85/,200,https://pzm.ae/product/prod-mnnz7lck-2n3b85/ [200],Samsung Tab A6 32GB Good Condition | PZM Computers &amp; Phones,https://pzm.ae/product/prod-mnnz7lck-2n3b85/,True,"index, follow",False,https://pzm.ae/product/prod-mnnz7lck-2n3b85/,True,2,True,True,False,False,182,
sitemap,https://pzm.ae/product/prod-mo4quzyw-nxxqq1/,https://pzm.ae/product/prod-mo4quzyw-nxxqq1/,200,https://pzm.ae/product/prod-mo4quzyw-nxxqq1/ [200],Apple Pencil USB-C White | PZM Computers &amp; Phones,https://pzm.ae/product/prod-mo4quzyw-nxxqq1/,True,"index, follow",False,https://pzm.ae/product/prod-mo4quzyw-nxxqq1/,True,2,True,True,False,False,127,
sitemap,https://pzm.ae/product/prod-mo4qvjd7-6ydt7y/,https://pzm.ae/product/prod-mo4qvjd7-6ydt7y/,200,https://pzm.ae/product/prod-mo4qvjd7-6ydt7y/ [200],Dell Monitor 24&quot; 24 inch / 60Hz / FHD Black | PZM Computers &amp; Phones,https://pzm.ae/product/prod-mo4qvjd7-6ydt7y/,True,"index, follow",False,https://pzm.ae/product/prod-mo4qvjd7-6ydt7y/,True,2,True,True,False,False,174,
sitemap,https://pzm.ae/product/prod-mo4quyq5-alcmyl/,https://pzm.ae/product/prod-mo4quyq5-alcmyl/,200,https://pzm.ae/product/prod-mo4quyq5-alcmyl/ [200],Nokia Tab T20 32GB Blue | PZM Computers &amp; Phones,https://pzm.ae/product/prod-mo4quyq5-alcmyl/,True,"index, follow",False,https://pzm.ae/product/prod-mo4quyq5-alcmyl/,True,2,True,True,False,False,132,
sitemap,https://pzm.ae/product/prod-mo4quz43-0qdj92/,https://pzm.ae/product/prod-mo4quz43-0qdj92/,200,https://pzm.ae/product/prod-mo4quz43-0qdj92/ [200],AirPods 4 Active Noise Cancellation White | PZM Computers &amp; Phones,https://pzm.ae/product/prod-mo4quz43-0qdj92/,True,"index, follow",False,https://pzm.ae/product/prod-mo4quz43-0qdj92/,True,2,True,True,False,False,165,
sitemap,https://pzm.ae/product/prod-mo4qvi13-zp6a78/,https://pzm.ae/product/prod-mo4qvi13-zp6a78/,200,https://pzm.ae/product/prod-mo4qvi13-zp6a78/ [200],Samsung CF390 Curved 27&quot; 27 inch / 60Hz / FHD / VGA+HDMI Black | PZM Computers &amp; Phones,https://pzm.ae/product/prod-mo4qvi13-zp6a78/,True,"index, follow",False,https://pzm.ae/product/prod-mo4qvi13-zp6a78/,True,2,True,True,False,False,198,
sitemap,https://pzm.ae/product/prod-mnnz7dcf-h2lui0/,https://pzm.ae/product/prod-mnnz7dcf-h2lui0/,200,https://pzm.ae/product/prod-mnnz7dcf-h2lui0/ [200],Redmi Note 8 6GB / 128GB Good Condition | PZM Computers &amp; Phones,https://pzm.ae/product/prod-mnnz7dcf-h2lui0/,True,"index, follow",False,https://pzm.ae/product/prod-mnnz7dcf-h2lui0/,True,2,True,True,False,False,200,
sitemap,https://pzm.ae/product/prod-mo4qu7dq-207z49/,https://pzm.ae/product/prod-mo4qu7dq-207z49/,200,https://pzm.ae/product/prod-mo4qu7dq-207z49/ [200],Samsung Galaxy A06 4G 64GB / 4GB RAM White | PZM Computers &amp; Phones,https://pzm.ae/product/prod-mo4qu7dq-207z49/,True,"index, follow",False,https://pzm.ae/product/prod-mo4qu7dq-207z49/,True,2,True,True,False,False,169,
sitemap,https://pzm.ae/product/prod-mo4qu5ie-8pjqn6/,https://pzm.ae/product/prod-mo4qu5ie-8pjqn6/,200,https://pzm.ae/product/prod-mo4qu5ie-8pjqn6/ [200],Samsung Galaxy A07 4G 64GB / 4GB RAM Blue | PZM Computers &amp; Phones,https://pzm.ae/product/prod-mo4qu5ie-8pjqn6/,True,"index, follow",False,https://pzm.ae/product/prod-mo4qu5ie-8pjqn6/,True,2,True,True,False,False,169,
sitemap,https://pzm.ae/product/prod-mo4qu70a-3nkedx/,https://pzm.ae/product/prod-mo4qu70a-3nkedx/,200,https://pzm.ae/product/prod-mo4qu70a-3nkedx/ [200],Samsung Galaxy A06 4G 64GB / 4GB RAM Blue | PZM Computers &amp; Phones,https://pzm.ae/product/prod-mo4qu70a-3nkedx/,True,"index, follow",False,https://pzm.ae/product/prod-mo4qu70a-3nkedx/,True,2,True,True,False,False,169,
sitemap,https://pzm.ae/product/prod-mo4qu66z-v8pijq/,https://pzm.ae/product/prod-mo4qu66z-v8pijq/,200,https://pzm.ae/product/prod-mo4qu66z-v8pijq/ [200],Samsung Galaxy A07 4G 64GB / 4GB RAM White | PZM Computers &amp; Phones,https://pzm.ae/product/prod-mo4qu66z-v8pijq/,True,"index, follow",False,https://pzm.ae/product/prod-mo4qu66z-v8pijq/,True,2,True,True,False,False,169,
sitemap,https://pzm.ae/product/prod-mo4qu6mp-ambodb/,https://pzm.ae/product/prod-mo4qu6mp-ambodb/,200,https://pzm.ae/product/prod-mo4qu6mp-ambodb/ [200],Samsung Galaxy A06 4G 64GB / 4GB RAM Black | PZM Computers &amp; Phones,https://pzm.ae/product/prod-mo4qu6mp-ambodb/,True,"index, follow",False,https://pzm.ae/product/prod-mo4qu6mp-ambodb/,True,2,True,True,False,False,169,
sitemap,https://pzm.ae/product/prod-mo4qu53t-7ls8gf/,https://pzm.ae/product/prod-mo4qu53t-7ls8gf/,200,https://pzm.ae/product/prod-mo4qu53t-7ls8gf/ [200],Samsung Galaxy A07 4G 64GB / 4GB RAM Black | PZM Computers &amp; Phones,https://pzm.ae/product/prod-mo4qu53t-7ls8gf/,True,"index, follow",False,https://pzm.ae/product/prod-mo4qu53t-7ls8gf/,True,2,True,True,False,False,169,
sitemap,https://pzm.ae/product/prod-mo4qvexx-uee7df/,https://pzm.ae/product/prod-mo4qvexx-uee7df/,200,https://pzm.ae/product/prod-mo4qvexx-uee7df/ [200],Dell Inspiron 3558 i5 5th / 8GB / 512GB Black | PZM Computers &amp; Phones,https://pzm.ae/product/prod-mo4qvexx-uee7df/,True,"index, follow",False,https://pzm.ae/product/prod-mo4qvexx-uee7df/,True,2,True,True,False,False,171,
sitemap,https://pzm.ae/product/prod-mnnylfgi-563z4b/,https://pzm.ae/product/prod-mnnylfgi-563z4b/,200,https://pzm.ae/product/prod-mnnylfgi-563z4b/ [200],PS4 with Controller | PZM Computers &amp; Phones,https://pzm.ae/product/prod-mnnylfgi-563z4b/,True,"index, follow",False,https://pzm.ae/product/prod-mnnylfgi-563z4b/,True,2,True,True,False,False,192,
sitemap,https://pzm.ae/product/prod-mo4quzkt-96k1wf/,https://pzm.ae/product/prod-mo4quzkt-96k1wf/,200,https://pzm.ae/product/prod-mo4quzkt-96k1wf/ [200],Apple Watch SE 40mm GPS Starlight | PZM Computers &amp; Phones,https://pzm.ae/product/prod-mo4quzkt-96k1wf/,True,"index, follow",False,https://pzm.ae/product/prod-mo4quzkt-96k1wf/,True,2,True,True,False,False,140,
sitemap,https://pzm.ae/product/prod-mnnz7krp-31gl1c/,https://pzm.ae/product/prod-mnnz7krp-31gl1c/,200,https://pzm.ae/product/prod-mnnz7krp-31gl1c/ [200],Huawei MatePad 128GB Good Condition | PZM Computers &amp; Phones,https://pzm.ae/product/prod-mnnz7krp-31gl1c/,True,"index, follow",False,https://pzm.ae/product/prod-mnnz7krp-31gl1c/,True,2,True,True,False,False,174,
sitemap,https://pzm.ae/product/prod-mo4qu4nf-utjgdl/,https://pzm.ae/product/prod-mo4qu4nf-utjgdl/,200,https://pzm.ae/product/prod-mo4qu4nf-utjgdl/ [200],Samsung Galaxy A17 4G 128GB / 4GB RAM White | PZM Computers &amp; Phones,https://pzm.ae/product/prod-mo4qu4nf-utjgdl/,True,"index, follow",False,https://pzm.ae/product/prod-mo4qu4nf-utjgdl/,True,2,True,True,False,False,169,
sitemap,https://pzm.ae/product/prod-mnnylg1u-8oymq7/,https://pzm.ae/product/prod-mnnylg1u-8oymq7/,200,https://pzm.ae/product/prod-mnnylg1u-8oymq7/ [200],Xbox One | PZM Computers &amp; Phones,https://pzm.ae/product/prod-mnnylg1u-8oymq7/,True,"index, follow",False,https://pzm.ae/product/prod-mnnylg1u-8oymq7/,True,2,True,True,False,False,143,
sitemap,https://pzm.ae/product/prod-mo4qu42b-2giizc/,https://pzm.ae/product/prod-mo4qu42b-2giizc/,200,https://pzm.ae/product/prod-mo4qu42b-2giizc/ [200],Samsung Galaxy A17 4G 128GB / 4GB RAM Blue | PZM Computers &amp; Phones,https://pzm.ae/product/prod-mo4qu42b-2giizc/,True,"index, follow",False,https://pzm.ae/product/prod-mo4qu42b-2giizc/,True,2,True,True,False,False,169,
sitemap,https://pzm.ae/product/prod-mnnz7kbm-9xdr7p/,https://pzm.ae/product/prod-mnnz7kbm-9xdr7p/,200,https://pzm.ae/product/prod-mnnz7kbm-9xdr7p/ [200],iPad 8th Gen 32GB Rose Gold | PZM Computers &amp; Phones,https://pzm.ae/product/prod-mnnz7kbm-9xdr7p/,True,"index, follow",False,https://pzm.ae/product/prod-mnnz7kbm-9xdr7p/,True,2,True,True,False,False,182,
sitemap,https://pzm.ae/product/prod-mo4qu34w-jwb3xz/,https://pzm.ae/product/prod-mo4qu34w-jwb3xz/,200,https://pzm.ae/product/prod-mo4qu34w-jwb3xz/ [200],Samsung Galaxy A17 4G 128GB / 4GB RAM Black | PZM Computers &amp; Phones,https://pzm.ae/product/prod-mo4qu34w-jwb3xz/,True,"index, follow",False,https://pzm.ae/product/prod-mo4qu34w-jwb3xz/,True,2,True,True,False,False,169,
sitemap,https://pzm.ae/product/prod-mo4qvkpv-4gm9fe/,https://pzm.ae/product/prod-mo4qvkpv-4gm9fe/,200,https://pzm.ae/product/prod-mo4qvkpv-4gm9fe/ [200],HP AiO i5 4th i5 4th / 8GB / 256GB White | PZM Computers &amp; Phones,https://pzm.ae/product/prod-mo4qvkpv-4gm9fe/,True,"index, follow",False,https://pzm.ae/product/prod-mo4qvkpv-4gm9fe/,True,2,True,True,False,False,181,
sitemap,https://pzm.ae/product/prod-mo4qvk9b-cslz95/,https://pzm.ae/product/prod-mo4qvk9b-cslz95/,200,https://pzm.ae/product/prod-mo4qvk9b-cslz95/ [200],Lenovo AiO i3 10th i3 10th / 8GB / 256GB White | PZM Computers &amp; Phones,https://pzm.ae/product/prod-mo4qvk9b-cslz95/,True,"index, follow",False,https://pzm.ae/product/prod-mo4qvk9b-cslz95/,True,2,True,True,False,False,181,
sitemap,https://pzm.ae/product/prod-mo4qv4nx-sdjkha/,https://pzm.ae/product/prod-mo4qv4nx-sdjkha/,200,https://pzm.ae/product/prod-mo4qv4nx-sdjkha/ [200],MacBook Air Intel i5 8GB / 128GB Silver | PZM Computers &amp; Phones,https://pzm.ae/product/prod-mo4qv4nx-sdjkha/,True,"index, follow",False,https://pzm.ae/product/prod-mo4qv4nx-sdjkha/,True,2,True,True,False,False,155,
sitemap,https://pzm.ae/product/prod-mo4quvj0-c77vpf/,https://pzm.ae/product/prod-mo4quvj0-c77vpf/,200,https://pzm.ae/product/prod-mo4quvj0-c77vpf/ [200],iPhone X 256GB White | PZM Computers &amp; Phones,https://pzm.ae/product/prod-mo4quvj0-c77vpf/,True,"index, follow",False,https://pzm.ae/product/prod-mo4quvj0-c77vpf/,True,2,True,True,False,False,137,
sitemap,https://pzm.ae/product/prod-mnnz7boc-pchv3y/,https://pzm.ae/product/prod-mnnz7boc-pchv3y/,200,https://pzm.ae/product/prod-mnnz7boc-pchv3y/ [200],Honor X8 6+2GB / 128GB Good Condition | PZM Computers &amp; Phones,https://pzm.ae/product/prod-mnnz7boc-pchv3y/,True,"index, follow",False,https://pzm.ae/product/prod-mnnz7boc-pchv3y/,True,2,True,True,False,False,192,
sitemap,https://pzm.ae/product/prod-mo4quwy7-w9ujnm/,https://pzm.ae/product/prod-mo4quwy7-w9ujnm/,200,https://pzm.ae/product/prod-mo4quwy7-w9ujnm/ [200],Samsung A36 8GB / 128GB Black | PZM Computers &amp; Phones,https://pzm.ae/product/prod-mo4quwy7-w9ujnm/,True,"index, follow",False,https://pzm.ae/product/prod-mo4quwy7-w9ujnm/,True,2,True,True,False,False,144,
sitemap,https://pzm.ae/product/prod-mnnz7c6q-ztw1ea/,https://pzm.ae/product/prod-mnnz7c6q-ztw1ea/,200,https://pzm.ae/product/prod-mnnz7c6q-ztw1ea/ [200],Honor X9C 12GB / 256GB Good Condition | PZM Computers &amp; Phones,https://pzm.ae/product/prod-mnnz7c6q-ztw1ea/,True,"index, follow",False,https://pzm.ae/product/prod-mnnz7c6q-ztw1ea/,True,2,True,True,False,False,192,
sitemap,https://pzm.ae/product/prod-mo4qvhlv-mqcmdi/,https://pzm.ae/product/prod-mo4qvhlv-mqcmdi/,200,https://pzm.ae/product/prod-mo4qvhlv-mqcmdi/ [200],Desktop i5 10th i5 10th / 8GB / SSD 256GB + HDD 1TB Black | PZM Computers &amp; Phones,https://pzm.ae/product/prod-mo4qvhlv-mqcmdi/,True,"index, follow",False,https://pzm.ae/product/prod-mo4qvhlv-mqcmdi/,True,2,True,True,False,False,205,
sitemap,https://pzm.ae/product/prod-mo4qv992-46faex/,https://pzm.ae/product/prod-mo4qv992-46faex/,200,https://pzm.ae/product/prod-mo4qv992-46faex/ [200],Microsoft Surface 3 4GB / 128GB Silver | PZM Computers &amp; Phones,https://pzm.ae/product/prod-mo4qv992-46faex/,True,"index, follow",False,https://pzm.ae/product/prod-mo4qv992-46faex/,True,2,True,True,False,False,147,
sitemap,https://pzm.ae/product/prod-mo4quy7k-s0x0ml/,https://pzm.ae/product/prod-mo4quy7k-s0x0ml/,200,https://pzm.ae/product/prod-mo4quy7k-s0x0ml/ [200],Nothing 2A 12GB / 256GB Black | PZM Computers &amp; Phones,https://pzm.ae/product/prod-mo4quy7k-s0x0ml/,True,"index, follow",False,https://pzm.ae/product/prod-mo4quy7k-s0x0ml/,True,2,True,True,False,False,144,
sitemap,https://pzm.ae/product/prod-mo4qvizj-w7unz0/,https://pzm.ae/product/prod-mo4qvizj-w7unz0/,200,https://pzm.ae/product/prod-mo4qvizj-w7unz0/ [200],Samsung DG502 Flat 32&quot; 32 inch / 120Hz / FHD / DP+HDMI Black | PZM Computers &amp; Phones,https://pzm.ae/product/prod-mo4qvizj-w7unz0/,True,"index, follow",False,https://pzm.ae/product/prod-mo4qvizj-w7unz0/,True,2,True,True,False,False,198,
sitemap,https://pzm.ae/product/prod-mnnz7crj-1msd5r/,https://pzm.ae/product/prod-mnnz7crj-1msd5r/,200,https://pzm.ae/product/prod-mnnz7crj-1msd5r/ [200],Samsung Galaxy A73 5G 128GB / 8GB RAM Good Condition | PZM Computers &amp; Phones,https://pzm.ae/product/prod-mnnz7crj-1msd5r/,True,"index, follow",False,https://pzm.ae/product/prod-mnnz7crj-1msd5r/,True,2,True,True,False,False,216,
sitemap,https://pzm.ae/product/prod-mo4qvh2q-9ivjgv/,https://pzm.ae/product/prod-mo4qvh2q-9ivjgv/,200,https://pzm.ae/product/prod-mo4qvh2q-9ivjgv/ [200],Intel Xeon Desktop Xeon / 24GB / HDD 1TB Black | PZM Computers &amp; Phones,https://pzm.ae/product/prod-mo4qvh2q-9ivjgv/,True,"index, follow",False,https://pzm.ae/product/prod-mo4qvh2q-9ivjgv/,True,2,True,True,False,False,173,
sitemap,https://pzm.ae/product/prod-mo4qvdlf-1a1g5l/,https://pzm.ae/product/prod-mo4qvdlf-1a1g5l/,200,https://pzm.ae/product/prod-mo4qvdlf-1a1g5l/ [200],HP i7 8th i7 8th / 8GB / 256GB Silver | PZM Computers &amp; Phones,https://pzm.ae/product/prod-mo4qvdlf-1a1g5l/,True,"index, follow",False,https://pzm.ae/product/prod-mo4qvdlf-1a1g5l/,True,2,True,True,False,False,171,
sitemap,https://pzm.ae/product/prod-mo4qv3ta-tpelta/,https://pzm.ae/product/prod-mo4qv3ta-tpelta/,200,https://pzm.ae/product/prod-mo4qv3ta-tpelta/ [200],MacBook Air 2013 4GB / 256GB Silver | PZM Computers &amp; Phones,https://pzm.ae/product/prod-mo4qv3ta-tpelta/,True,"index, follow",False,https://pzm.ae/product/prod-mo4qv3ta-tpelta/,True,2,True,True,False,False,147,
sitemap,https://pzm.ae/product/prod-mnnyll1d-42xb7j/,https://pzm.ae/product/prod-mnnyll1d-42xb7j/,200,https://pzm.ae/product/prod-mnnyll1d-42xb7j/ [200],iPad 9th Gen 64GB Grey | PZM Computers &amp; Phones,https://pzm.ae/product/prod-mnnyll1d-42xb7j/,True,"index, follow",False,https://pzm.ae/product/prod-mnnyll1d-42xb7j/,True,2,True,True,False,False,173,
sitemap,https://pzm.ae/product/prod-mnnz7nhe-sbagxe/,https://pzm.ae/product/prod-mnnz7nhe-sbagxe/,200,https://pzm.ae/product/prod-mnnz7nhe-sbagxe/ [200],Samsung ViewFinity S7 32&quot; 4K Flat Open Box | PZM Computers &amp; Phones,https://pzm.ae/product/prod-mnnz7nhe-sbagxe/,True,"index, follow",False,https://pzm.ae/product/prod-mnnz7nhe-sbagxe/,True,2,True,True,False,False,221,
sitemap,https://pzm.ae/product/prod-mo4quwkd-tbeqbh/,https://pzm.ae/product/prod-mo4quwkd-tbeqbh/,200,https://pzm.ae/product/prod-mo4quwkd-tbeqbh/ [200],Samsung A56 8GB / 128GB Black | PZM Computers &amp; Phones,https://pzm.ae/product/prod-mo4quwkd-tbeqbh/,True,"index, follow",False,https://pzm.ae/product/prod-mo4quwkd-tbeqbh/,True,2,True,True,False,False,144,
sitemap,https://pzm.ae/product/prod-mo4qu2la-ng0cwp/,https://pzm.ae/product/prod-mo4qu2la-ng0cwp/,200,https://pzm.ae/product/prod-mo4qu2la-ng0cwp/ [200],Samsung Galaxy A36 5G 128GB / 6GB RAM Lavender | PZM Computers &amp; Phones,https://pzm.ae/product/prod-mo4qu2la-ng0cwp/,True,"index, follow",False,https://pzm.ae/product/prod-mo4qu2la-ng0cwp/,True,2,True,True,False,False,205,
sitemap,https://pzm.ae/product/prod-mo4qu27n-k24acc/,https://pzm.ae/product/prod-mo4qu27n-k24acc/,200,https://pzm.ae/product/prod-mo4qu27n-k24acc/ [200],Samsung Galaxy A36 5G 128GB / 6GB RAM White | PZM Computers &amp; Phones,https://pzm.ae/product/prod-mo4qu27n-k24acc/,True,"index, follow",False,https://pzm.ae/product/prod-mo4qu27n-k24acc/,True,2,True,True,False,False,205,
sitemap,https://pzm.ae/product/prod-mnnz7h04-2f73ci/,https://pzm.ae/product/prod-mnnz7h04-2f73ci/,200,https://pzm.ae/product/prod-mnnz7h04-2f73ci/ [200],Dell Inspiron 15 7000 Gaming i7 7th / 8GB / 512GB / GTX 1050 Ti Good Condition | PZM Computers &amp; Phones,https://pzm.ae/product/prod-mnnz7h04-2f73ci/,True,"index, follow",False,https://pzm.ae/product/prod-mnnz7h04-2f73ci/,True,2,True,True,False,False,299,
sitemap,https://pzm.ae/product/prod-mo4qu1n0-1vrmx9/,https://pzm.ae/product/prod-mo4qu1n0-1vrmx9/,200,https://pzm.ae/product/prod-mo4qu1n0-1vrmx9/ [200],Samsung Galaxy A36 5G 128GB / 6GB RAM Light Blue | PZM Computers &amp; Phones,https://pzm.ae/product/prod-mo4qu1n0-1vrmx9/,True,"index, follow",False,https://pzm.ae/product/prod-mo4qu1n0-1vrmx9/,True,2,True,True,False,False,214,
sitemap,https://pzm.ae/product/prod-mo4qv5w2-u43t77/,https://pzm.ae/product/prod-mo4qv5w2-u43t77/,200,https://pzm.ae/product/prod-mo4qv5w2-u43t77/ [200],Lenovo i3 8130u i3 8130u / 12GB / 480GB Grey | PZM Computers &amp; Phones,https://pzm.ae/product/prod-mo4qv5w2-u43t77/,True,"index, follow",False,https://pzm.ae/product/prod-mo4qv5w2-u43t77/,True,2,True,True,False,False,171,
sitemap,https://pzm.ae/product/prod-mo4qu15p-hpx8sd/,https://pzm.ae/product/prod-mo4qu15p-hpx8sd/,200,https://pzm.ae/product/prod-mo4qu15p-hpx8sd/ [200],Samsung Galaxy A36 5G 128GB / 6GB RAM Black | PZM Computers &amp; Phones,https://pzm.ae/product/prod-mo4qu15p-hpx8sd/,True,"index, follow",False,https://pzm.ae/product/prod-mo4qu15p-hpx8sd/,True,2,True,True,False,False,205,
sitemap,https://pzm.ae/product/prod-mo4qv9nk-q15ybg/,https://pzm.ae/product/prod-mo4qv9nk-q15ybg/,200,https://pzm.ae/product/prod-mo4qv9nk-q15ybg/ [200],Microsoft i5 6th i5 6th / 4GB / 128GB Silver | PZM Computers &amp; Phones,https://pzm.ae/product/prod-mo4qv9nk-q15ybg/,True,"index, follow",False,https://pzm.ae/product/prod-mo4qv9nk-q15ybg/,True,2,True,True,False,False,171,
sitemap,https://pzm.ae/product/prod-mnnz7b8r-fzll92/,https://pzm.ae/product/prod-mnnz7b8r-fzll92/,200,https://pzm.ae/product/prod-mnnz7b8r-fzll92/ [200],iPhone 12 Mini 64GB Rose White | PZM Computers &amp; Phones,https://pzm.ae/product/prod-mnnz7b8r-fzll92/,True,"index, follow",False,https://pzm.ae/product/prod-mnnz7b8r-fzll92/,True,2,True,True,False,False,196,
sitemap,https://pzm.ae/product/prod-mnnyleed-ndwdbb/,https://pzm.ae/product/prod-mnnyleed-ndwdbb/,200,https://pzm.ae/product/prod-mnnyleed-ndwdbb/ [200],Nintendo Switch | PZM Computers &amp; Phones,https://pzm.ae/product/prod-mnnyleed-ndwdbb/,True,"index, follow",False,https://pzm.ae/product/prod-mnnyleed-ndwdbb/,True,2,True,True,False,False,143,
sitemap,https://pzm.ae/product/prod-mo4qv46y-vxbax8/,https://pzm.ae/product/prod-mo4qv46y-vxbax8/,200,https://pzm.ae/product/prod-mo4qv46y-vxbax8/ [200],MacBook Pro Intel i5 8GB / 256GB Silver | PZM Computers &amp; Phones,https://pzm.ae/product/prod-mo4qv46y-vxbax8/,True,"index, follow",False,https://pzm.ae/product/prod-mo4qv46y-vxbax8/,True,2,True,True,False,False,155,
sitemap,https://pzm.ae/product/prod-mo4qvase-hi2d6y/,https://pzm.ae/product/prod-mo4qvase-hi2d6y/,200,https://pzm.ae/product/prod-mo4qvase-hi2d6y/ [200],ASUS 16&quot; i7 7th i7 7th / 16GB / SSD 128GB + HDD 1TB Black | PZM Computers &amp; Phones,https://pzm.ae/product/prod-mo4qvase-hi2d6y/,True,"index, follow",False,https://pzm.ae/product/prod-mo4qvase-hi2d6y/,True,2,True,True,False,False,211,
sitemap,https://pzm.ae/product/prod-mo4qv3dl-mmdmco/,https://pzm.ae/product/prod-mo4qv3dl-mmdmco/,200,https://pzm.ae/product/prod-mo4qv3dl-mmdmco/ [200],MacBook Pro 2016 8GB / 256GB Silver | PZM Computers &amp; Phones,https://pzm.ae/product/prod-mo4qv3dl-mmdmco/,True,"index, follow",False,https://pzm.ae/product/prod-mo4qv3dl-mmdmco/,True,2,True,True,False,False,147,
sitemap,https://pzm.ae/product/prod-mo4qv2ju-n0vpeb/,https://pzm.ae/product/prod-mo4qv2ju-n0vpeb/,200,https://pzm.ae/product/prod-mo4qv2ju-n0vpeb/ [200],MacBook Pro 8GB / 256GB Silver | PZM Computers &amp; Phones,https://pzm.ae/product/prod-mo4qv2ju-n0vpeb/,True,"index, follow",False,https://pzm.ae/product/prod-mo4qv2ju-n0vpeb/,True,2,True,True,False,False,139,
sitemap,https://pzm.ae/product/prod-mo4qvcwq-jlzxcj/,https://pzm.ae/product/prod-mo4qvcwq-jlzxcj/,200,https://pzm.ae/product/prod-mo4qvcwq-jlzxcj/ [200],ASUS VivoBook i3 13th i3 13th / 8GB / 128GB Black | PZM Computers &amp; Phones,https://pzm.ae/product/prod-mo4qvcwq-jlzxcj/,True,"index, follow",False,https://pzm.ae/product/prod-mo4qvcwq-jlzxcj/,True,2,True,True,False,False,179,
sitemap,https://pzm.ae/product/prod-mo4qvfus-x7ceke/,https://pzm.ae/product/prod-mo4qvfus-x7ceke/,200,https://pzm.ae/product/prod-mo4qvfus-x7ceke/ [200],Dell i3 10th Touch 360 i3 10th / 8GB / 256GB / Touch 360 Silver | PZM Computers &amp; Phones,https://pzm.ae/product/prod-mo4qvfus-x7ceke/,True,"index, follow",False,https://pzm.ae/product/prod-mo4qvfus-x7ceke/,True,2,True,True,False,False,211,
sitemap,https://pzm.ae/product/prod-mo4qvc46-64zokb/,https://pzm.ae/product/prod-mo4qvc46-64zokb/,200,https://pzm.ae/product/prod-mo4qvc46-64zokb/ [200],ASUS AMD Ryzen 3 Ryzen 3 3250U / 8GB / 256GB Silver | PZM Computers &amp; Phones,https://pzm.ae/product/prod-mo4qvc46-64zokb/,True,"index, follow",False,https://pzm.ae/product/prod-mo4qvc46-64zokb/,True,2,True,True,False,False,187,
sitemap,https://pzm.ae/product/prod-mo4qvejo-grr2tp/,https://pzm.ae/product/prod-mo4qvejo-grr2tp/,200,https://pzm.ae/product/prod-mo4qvejo-grr2tp/ [200],Dell Latitude 5400 i7 8th / 16GB / 480GB Black | PZM Computers &amp; Phones,https://pzm.ae/product/prod-mo4qvejo-grr2tp/,True,"index, follow",False,https://pzm.ae/product/prod-mo4qvejo-grr2tp/,True,2,True,True,False,False,171,
sitemap,https://pzm.ae/product/prod-mo4qvfeh-a1fu1o/,https://pzm.ae/product/prod-mo4qvfeh-a1fu1o/,200,https://pzm.ae/product/prod-mo4qvfeh-a1fu1o/ [200],Dell i5 8th Touch 360 i5 8th / 8GB / 256GB / Touch 360 Silver | PZM Computers &amp; Phones,https://pzm.ae/product/prod-mo4qvfeh-a1fu1o/,True,"index, follow",False,https://pzm.ae/product/prod-mo4qvfeh-a1fu1o/,True,2,True,True,False,False,211,
sitemap,https://pzm.ae/product/prod-mo4quujo-8f7u32/,https://pzm.ae/product/prod-mo4quujo-8f7u32/,200,https://pzm.ae/product/prod-mo4quujo-8f7u32/ [200],iPhone 13 128GB Red | PZM Computers &amp; Phones,https://pzm.ae/product/prod-mo4quujo-8f7u32/,True,"index, follow",False,https://pzm.ae/product/prod-mo4quujo-8f7u32/,True,2,True,True,False,False,137,
sitemap,https://pzm.ae/product/prod-mo4qv87d-9dxvi0/,https://pzm.ae/product/prod-mo4qv87d-9dxvi0/,200,https://pzm.ae/product/prod-mo4qv87d-9dxvi0/ [200],Lenovo i5 12th i5 12th / 8GB / 480GB Grey | PZM Computers &amp; Phones,https://pzm.ae/product/prod-mo4qv87d-9dxvi0/,True,"index, follow",False,https://pzm.ae/product/prod-mo4qv87d-9dxvi0/,True,2,True,True,False,False,171,
sitemap,https://pzm.ae/product/prod-mo4qvdzf-zk7y19/,https://pzm.ae/product/prod-mo4qvdzf-zk7y19/,200,https://pzm.ae/product/prod-mo4qvdzf-zk7y19/ [200],HP i3 12th i3 12th / 8GB / 480GB Silver | PZM Computers &amp; Phones,https://pzm.ae/product/prod-mo4qvdzf-zk7y19/,True,"index, follow",False,https://pzm.ae/product/prod-mo4qvdzf-zk7y19/,True,2,True,True,False,False,171,
sitemap,https://pzm.ae/product/prod-mo4quv3l-4vqs9i/,https://pzm.ae/product/prod-mo4quv3l-4vqs9i/,200,https://pzm.ae/product/prod-mo4quv3l-4vqs9i/ [200],iPhone XS Max 512GB Gold | PZM Computers &amp; Phones,https://pzm.ae/product/prod-mo4quv3l-4vqs9i/,True,"index, follow",False,https://pzm.ae/product/prod-mo4quv3l-4vqs9i/,True,2,True,True,False,False,145,
sitemap,https://pzm.ae/product/prod-mnnyljke-go92k4/,https://pzm.ae/product/prod-mnnyljke-go92k4/,200,https://pzm.ae/product/prod-mnnyljke-go92k4/ [200],Lenovo ThinkBook i5 13th / 8GB / 256GB | PZM Computers &amp; Phones,https://pzm.ae/product/prod-mnnyljke-go92k4/,True,"index, follow",False,https://pzm.ae/product/prod-mnnyljke-go92k4/,True,2,True,True,False,False,204,
sitemap,https://pzm.ae/product/prod-mo4qu0lz-2vjsc1/,https://pzm.ae/product/prod-mo4qu0lz-2vjsc1/,200,https://pzm.ae/product/prod-mo4qu0lz-2vjsc1/ [200],Samsung Galaxy A56 5G 128GB / 8GB RAM Lavender | PZM Computers &amp; Phones,https://pzm.ae/product/prod-mo4qu0lz-2vjsc1/,True,"index, follow",False,https://pzm.ae/product/prod-mo4qu0lz-2vjsc1/,True,2,True,True,False,False,169,
sitemap,https://pzm.ae/product/prod-mo4qtzwv-6l7kb9/,https://pzm.ae/product/prod-mo4qtzwv-6l7kb9/,200,https://pzm.ae/product/prod-mo4qtzwv-6l7kb9/ [200],Samsung Galaxy A56 5G 128GB / 8GB RAM White | PZM Computers &amp; Phones,https://pzm.ae/product/prod-mo4qtzwv-6l7kb9/,True,"index, follow",False,https://pzm.ae/product/prod-mo4qtzwv-6l7kb9/,True,2,True,True,False,False,169,
sitemap,https://pzm.ae/product/prod-mo4qtzd9-r42rfy/,https://pzm.ae/product/prod-mo4qtzd9-r42rfy/,200,https://pzm.ae/product/prod-mo4qtzd9-r42rfy/ [200],Samsung Galaxy A56 5G 128GB / 8GB RAM Blue | PZM Computers &amp; Phones,https://pzm.ae/product/prod-mo4qtzd9-r42rfy/,True,"index, follow",False,https://pzm.ae/product/prod-mo4qtzd9-r42rfy/,True,2,True,True,False,False,169,
sitemap,https://pzm.ae/product/prod-mo4qtyy3-6ur2l6/,https://pzm.ae/product/prod-mo4qtyy3-6ur2l6/,200,https://pzm.ae/product/prod-mo4qtyy3-6ur2l6/ [200],Samsung Galaxy A56 5G 128GB / 8GB RAM Graphite | PZM Computers &amp; Phones,https://pzm.ae/product/prod-mo4qtyy3-6ur2l6/,True,"index, follow",False,https://pzm.ae/product/prod-mo4qtyy3-6ur2l6/,True,2,True,True,False,False,169,
sitemap,https://pzm.ae/product/prod-mntdtmvl-r1h6rv/,https://pzm.ae/product/prod-mntdtmvl-r1h6rv/,200,https://pzm.ae/product/prod-mntdtmvl-r1h6rv/ [200],iPad 11 128GB Wi-Fi Yellow | PZM Computers &amp; Phones,https://pzm.ae/product/prod-mntdtmvl-r1h6rv/,True,"index, follow",False,https://pzm.ae/product/prod-mntdtmvl-r1h6rv/,True,2,True,True,False,False,135,
sitemap,https://pzm.ae/product/prod-mntdtk5y-ds0h7f/,https://pzm.ae/product/prod-mntdtk5y-ds0h7f/,200,https://pzm.ae/product/prod-mntdtk5y-ds0h7f/ [200],iPad 11 128GB Wi-Fi Pink | PZM Computers &amp; Phones,https://pzm.ae/product/prod-mntdtk5y-ds0h7f/,True,"index, follow",False,https://pzm.ae/product/prod-mntdtk5y-ds0h7f/,True,2,True,True,False,False,135,
sitemap,https://pzm.ae/product/prod-mntdtlgo-ipk06q/,https://pzm.ae/product/prod-mntdtlgo-ipk06q/,200,https://pzm.ae/product/prod-mntdtlgo-ipk06q/ [200],iPad 11 128GB Wi-Fi Silver | PZM Computers &amp; Phones,https://pzm.ae/product/prod-mntdtlgo-ipk06q/,True,"index, follow",False,https://pzm.ae/product/prod-mntdtlgo-ipk06q/,True,2,True,True,False,False,135,
sitemap,https://pzm.ae/product/prod-mntdtiic-z89l6o/,https://pzm.ae/product/prod-mntdtiic-z89l6o/,200,https://pzm.ae/product/prod-mntdtiic-z89l6o/ [200],iPad 11 128GB Wi-Fi Blue | PZM Computers &amp; Phones,https://pzm.ae/product/prod-mntdtiic-z89l6o/,True,"index, follow",False,https://pzm.ae/product/prod-mntdtiic-z89l6o/,True,2,True,True,False,False,135,
sitemap,https://pzm.ae/product/prod-mo4qv7jh-h9nvne/,https://pzm.ae/product/prod-mo4qv7jh-h9nvne/,200,https://pzm.ae/product/prod-mo4qv7jh-h9nvne/ [200],Lenovo Core i5 11th i5 11th / 8GB / 480GB Grey | PZM Computers &amp; Phones,https://pzm.ae/product/prod-mo4qv7jh-h9nvne/,True,"index, follow",False,https://pzm.ae/product/prod-mo4qv7jh-h9nvne/,True,2,True,True,False,False,179,
sitemap,https://pzm.ae/product/prod-mo4qvcig-un88fd/,https://pzm.ae/product/prod-mo4qvcig-un88fd/,200,https://pzm.ae/product/prod-mo4qvcig-un88fd/ [200],ASUS VivoBook i5 12th i5 12th / 16GB / 512GB Black | PZM Computers &amp; Phones,https://pzm.ae/product/prod-mo4qvcig-un88fd/,True,"index, follow",False,https://pzm.ae/product/prod-mo4qvcig-un88fd/,True,2,True,True,False,False,179,
sitemap,https://pzm.ae/product/prod-mo4qutp7-a5ocz9/,https://pzm.ae/product/prod-mo4qutp7-a5ocz9/,200,https://pzm.ae/product/prod-mo4qutp7-a5ocz9/ [200],iPhone 14 Pro 128GB Black | PZM Computers &amp; Phones,https://pzm.ae/product/prod-mo4qutp7-a5ocz9/,True,"index, follow",False,https://pzm.ae/product/prod-mo4qutp7-a5ocz9/,True,2,True,True,False,False,145,
sitemap,https://pzm.ae/product/prod-mo4qv6o0-kurbru/,https://pzm.ae/product/prod-mo4qv6o0-kurbru/,200,https://pzm.ae/product/prod-mo4qv6o0-kurbru/ [200],Lenovo i7 8550u Touch i7 8550u / 8GB / 256GB / Touch Grey | PZM Computers &amp; Phones,https://pzm.ae/product/prod-mo4qv6o0-kurbru/,True,"index, follow",False,https://pzm.ae/product/prod-mo4qv6o0-kurbru/,True,2,True,True,False,False,195,
sitemap,https://pzm.ae/product/prod-mnnz7j6x-ps3zhi/,https://pzm.ae/product/prod-mnnz7j6x-ps3zhi/,200,https://pzm.ae/product/prod-mnnz7j6x-ps3zhi/ [200],HP Laptop i7 12th / 16GB / 1TB Good Condition | PZM Computers &amp; Phones,https://pzm.ae/product/prod-mnnz7j6x-ps3zhi/,True,"index, follow",False,https://pzm.ae/product/prod-mnnz7j6x-ps3zhi/,True,2,True,True,False,False,213,
sitemap,https://pzm.ae/product/prod-mo4qusjn-ixzug8/,https://pzm.ae/product/prod-mo4qusjn-ixzug8/,200,https://pzm.ae/product/prod-mo4qusjn-ixzug8/ [200],iPhone 16e 128GB White | PZM Computers &amp; Phones,https://pzm.ae/product/prod-mo4qusjn-ixzug8/,True,"index, follow",False,https://pzm.ae/product/prod-mo4qusjn-ixzug8/,True,2,True,True,False,False,180,
sitemap,https://pzm.ae/product/prod-mntdtpu8-m2te56/,https://pzm.ae/product/prod-mntdtpu8-m2te56/,200,https://pzm.ae/product/prod-mntdtpu8-m2te56/ [200],iPad 11 256GB Wi-Fi Pink | PZM Computers &amp; Phones,https://pzm.ae/product/prod-mntdtpu8-m2te56/,True,"index, follow",False,https://pzm.ae/product/prod-mntdtpu8-m2te56/,True,2,True,True,False,False,135,
sitemap,https://pzm.ae/product/prod-mntdtr87-jjomrn/,https://pzm.ae/product/prod-mntdtr87-jjomrn/,200,https://pzm.ae/product/prod-mntdtr87-jjomrn/ [200],iPad 11 256GB Wi-Fi Silver | PZM Computers &amp; Phones,https://pzm.ae/product/prod-mntdtr87-jjomrn/,True,"index, follow",False,https://pzm.ae/product/prod-mntdtr87-jjomrn/,True,2,True,True,False,False,135,
sitemap,https://pzm.ae/product/prod-mntdto2u-4p3089/,https://pzm.ae/product/prod-mntdto2u-4p3089/,200,https://pzm.ae/product/prod-mntdto2u-4p3089/ [200],iPad 11 256GB Wi-Fi Blue | PZM Computers &amp; Phones,https://pzm.ae/product/prod-mntdto2u-4p3089/,True,"index, follow",False,https://pzm.ae/product/prod-mntdto2u-4p3089/,True,2,True,True,False,False,135,
sitemap,https://pzm.ae/product/prod-mo4quu5q-738u4c/,https://pzm.ae/product/prod-mo4quu5q-738u4c/,200,https://pzm.ae/product/prod-mo4quu5q-738u4c/ [200],iPhone 13 Pro 256GB Gold | PZM Computers &amp; Phones,https://pzm.ae/product/prod-mo4quu5q-738u4c/,True,"index, follow",False,https://pzm.ae/product/prod-mo4quu5q-738u4c/,True,2,True,True,False,False,145,
sitemap,https://pzm.ae/product/prod-mnnz79rn-hqlaav/,https://pzm.ae/product/prod-mnnz79rn-hqlaav/,200,https://pzm.ae/product/prod-mnnz79rn-hqlaav/ [200],iPhone 13 Pro Max 256GB Blue | PZM Computers &amp; Phones,https://pzm.ae/product/prod-mnnz79rn-hqlaav/,True,"index, follow",False,https://pzm.ae/product/prod-mnnz79rn-hqlaav/,True,2,True,True,False,False,195,
sitemap,https://pzm.ae/product/prod-mo4qurxf-2xeuzd/,https://pzm.ae/product/prod-mo4qurxf-2xeuzd/,200,https://pzm.ae/product/prod-mo4qurxf-2xeuzd/ [200],iPhone 16 128GB Blue | PZM Computers &amp; Phones,https://pzm.ae/product/prod-mo4qurxf-2xeuzd/,True,"index, follow",False,https://pzm.ae/product/prod-mo4qurxf-2xeuzd/,True,2,True,True,False,False,137,
sitemap,https://pzm.ae/product/prod-mntdttrw-hp71ny/,https://pzm.ae/product/prod-mntdttrw-hp71ny/,200,https://pzm.ae/product/prod-mntdttrw-hp71ny/ [200],iPad Air 11-inch M3 128GB Wi-Fi Purple | PZM Computers &amp; Phones,https://pzm.ae/product/prod-mntdttrw-hp71ny/,True,"index, follow",False,https://pzm.ae/product/prod-mntdttrw-hp71ny/,True,2,True,True,False,False,151,
sitemap,https://pzm.ae/product/prod-mnnz7ini-ebpaz7/,https://pzm.ae/product/prod-mnnz7ini-ebpaz7/,200,https://pzm.ae/product/prod-mnnz7ini-ebpaz7/ [200],MacBook Air M1 2020 8GB / 256GB Good Condition | PZM Computers &amp; Phones,https://pzm.ae/product/prod-mnnz7ini-ebpaz7/,True,"index, follow",False,https://pzm.ae/product/prod-mnnz7ini-ebpaz7/,True,2,True,True,False,False,214,
sitemap,https://pzm.ae/product/prod-mnnylj55-ahu1yf/,https://pzm.ae/product/prod-mnnylj55-ahu1yf/,200,https://pzm.ae/product/prod-mnnylj55-ahu1yf/ [200],MacBook Air M2 2022 8GB / 256GB Good Condition | PZM Computers &amp; Phones,https://pzm.ae/product/prod-mnnylj55-ahu1yf/,True,"index, follow",False,https://pzm.ae/product/prod-mnnylj55-ahu1yf/,True,2,True,True,False,False,214,
sitemap,https://pzm.ae/product/prod-mnnyleu0-e6x4n1/,https://pzm.ae/product/prod-mnnyleu0-e6x4n1/,200,https://pzm.ae/product/prod-mnnyleu0-e6x4n1/ [200],PS5 Digital Edition 1TB White | PZM Computers &amp; Phones,https://pzm.ae/product/prod-mnnyleu0-e6x4n1/,True,"index, follow",False,https://pzm.ae/product/prod-mnnyleu0-e6x4n1/,True,2,True,True,False,False,186,
sitemap,https://pzm.ae/product/prod-mntdtv37-wdwlqw/,https://pzm.ae/product/prod-mntdtv37-wdwlqw/,200,https://pzm.ae/product/prod-mntdtv37-wdwlqw/ [200],iPad Air 11-inch M3 128GB Wi-Fi Space Gray | PZM Computers &amp; Phones,https://pzm.ae/product/prod-mntdtv37-wdwlqw/,True,"index, follow",False,https://pzm.ae/product/prod-mntdtv37-wdwlqw/,True,2,True,True,False,False,160,
sitemap,https://pzm.ae/product/prod-mo4qu7vw-p79g80/,https://pzm.ae/product/prod-mo4qu7vw-p79g80/,200,https://pzm.ae/product/prod-mo4qu7vw-p79g80/ [200],PS5 Disk Edition 1TB White | PZM Computers &amp; Phones,https://pzm.ae/product/prod-mo4qu7vw-p79g80/,True,"index, follow",False,https://pzm.ae/product/prod-mo4qu7vw-p79g80/,True,2,True,True,False,False,165,
sitemap,https://pzm.ae/product/prod-mo4qv5i4-3emol9/,https://pzm.ae/product/prod-mo4qv5i4-3emol9/,200,https://pzm.ae/product/prod-mo4qv5i4-3emol9/ [200],Lenovo i7 13th i7 13th / 16GB / 480GB Grey | PZM Computers &amp; Phones,https://pzm.ae/product/prod-mo4qv5i4-3emol9/,True,"index, follow",False,https://pzm.ae/product/prod-mo4qv5i4-3emol9/,True,2,True,True,False,False,171,
sitemap,https://pzm.ae/product/prod-mnnz785s-i7iu13/,https://pzm.ae/product/prod-mnnz785s-i7iu13/,200,https://pzm.ae/product/prod-mnnz785s-i7iu13/ [200],iPhone 14 Pro 512GB Black | PZM Computers &amp; Phones,https://pzm.ae/product/prod-mnnz785s-i7iu13/,True,"index, follow",False,https://pzm.ae/product/prod-mnnz785s-i7iu13/,True,2,True,True,False,False,187,
sitemap,https://pzm.ae/product/prod-mntdtsg5-hahmqe/,https://pzm.ae/product/prod-mntdtsg5-hahmqe/,200,https://pzm.ae/product/prod-mntdtsg5-hahmqe/ [200],iPad Air 11-inch M3 128GB Wi-Fi Blue | PZM Computers &amp; Phones,https://pzm.ae/product/prod-mntdtsg5-hahmqe/,True,"index, follow",False,https://pzm.ae/product/prod-mntdtsg5-hahmqe/,True,2,True,True,False,False,151,
sitemap,https://pzm.ae/product/prod-mntdtxpv-r1ffjs/,https://pzm.ae/product/prod-mntdtxpv-r1ffjs/,200,https://pzm.ae/product/prod-mntdtxpv-r1ffjs/ [200],iPad Air 11-inch M3 256GB Wi-Fi Space Gray | PZM Computers &amp; Phones,https://pzm.ae/product/prod-mntdtxpv-r1ffjs/,True,"index, follow",False,https://pzm.ae/product/prod-mntdtxpv-r1ffjs/,True,2,True,True,False,False,160,
sitemap,https://pzm.ae/product/prod-mntdtwfb-mefjnt/,https://pzm.ae/product/prod-mntdtwfb-mefjnt/,200,https://pzm.ae/product/prod-mntdtwfb-mefjnt/ [200],iPad Air 11-inch M3 256GB Wi-Fi Blue | PZM Computers &amp; Phones,https://pzm.ae/product/prod-mntdtwfb-mefjnt/,True,"index, follow",False,https://pzm.ae/product/prod-mntdtwfb-mefjnt/,True,2,True,True,False,False,151,
sitemap,https://pzm.ae/product/prod-mnnz7aii-6j2evv/,https://pzm.ae/product/prod-mnnz7aii-6j2evv/,200,https://pzm.ae/product/prod-mnnz7aii-6j2evv/ [200],iPhone 13 Pro 1TB Blue | PZM Computers &amp; Phones,https://pzm.ae/product/prod-mnnz7aii-6j2evv/,True,"index, follow",False,https://pzm.ae/product/prod-mnnz7aii-6j2evv/,True,2,True,True,False,False,187,
sitemap,https://pzm.ae/product/prod-mo4qvbfj-cozwar/,https://pzm.ae/product/prod-mo4qvbfj-cozwar/,200,https://pzm.ae/product/prod-mo4qvbfj-cozwar/ [200],ASUS Snapdragon X X1E-26-100 / 16GB / 1TB Silver | PZM Computers &amp; Phones,https://pzm.ae/product/prod-mo4qvbfj-cozwar/,True,"index, follow",False,https://pzm.ae/product/prod-mo4qvbfj-cozwar/,True,2,True,True,False,False,163,
sitemap,https://pzm.ae/product/prod-mo4qutbh-1i7n4y/,https://pzm.ae/product/prod-mo4qutbh-1i7n4y/,200,https://pzm.ae/product/prod-mo4qutbh-1i7n4y/ [200],iPhone 15 Pro 256GB Black | PZM Computers &amp; Phones,https://pzm.ae/product/prod-mo4qutbh-1i7n4y/,True,"index, follow",False,https://pzm.ae/product/prod-mo4qutbh-1i7n4y/,True,2,True,True,False,False,161,
sitemap,https://pzm.ae/product/prod-mnnz7n1b-cyflma/,https://pzm.ae/product/prod-mnnz7n1b-cyflma/,200,https://pzm.ae/product/prod-mnnz7n1b-cyflma/ [200],ASUS ROG Swift 27&quot; QHD / 360Hz / G-SYNC / 1ms / DisplayHDR 600 Good Condition | PZM Computers &amp; Phones,https://pzm.ae/product/prod-mnnz7n1b-cyflma/,True,"index, follow",False,https://pzm.ae/product/prod-mnnz7n1b-cyflma/,True,2,True,True,False,False,294,
sitemap,https://pzm.ae/product/prod-mo4qva51-nygq9x/,https://pzm.ae/product/prod-mo4qva51-nygq9x/,200,https://pzm.ae/product/prod-mo4qva51-nygq9x/ [200],Microsoft Ultra 5 135U Ultra 5 135U / 16GB / 256GB Silver | PZM Computers &amp; Phones,https://pzm.ae/product/prod-mo4qva51-nygq9x/,True,"index, follow",False,https://pzm.ae/product/prod-mo4qva51-nygq9x/,True,2,True,True,False,False,187,
sitemap,https://pzm.ae/product/prod-mo4qu8e1-r64qrt/,https://pzm.ae/product/prod-mo4qu8e1-r64qrt/,200,https://pzm.ae/product/prod-mo4qu8e1-r64qrt/ [200],JBL PartyBox 520 400W / IPX4 / 15H Battery Black | PZM Computers &amp; Phones,https://pzm.ae/product/prod-mo4qu8e1-r64qrt/,True,"index, follow",False,https://pzm.ae/product/prod-mo4qu8e1-r64qrt/,True,2,True,True,False,False,175,
sitemap,https://pzm.ae/product/prod-mnnz7i37-f45q0m/,https://pzm.ae/product/prod-mnnz7i37-f45q0m/,200,https://pzm.ae/product/prod-mnnz7i37-f45q0m/ [200],MacBook Pro 2019 15&quot; 32GB / 512GB / Touch Bar Good Condition | PZM Computers &amp; Phones,https://pzm.ae/product/prod-mnnz7i37-f45q0m/,True,"index, follow",False,https://pzm.ae/product/prod-mnnz7i37-f45q0m/,True,2,True,True,False,False,262,
sitemap,https://pzm.ae/product/prod-mo4qv0cv-5jdwsp/,https://pzm.ae/product/prod-mo4qv0cv-5jdwsp/,200,https://pzm.ae/product/prod-mo4qv0cv-5jdwsp/ [200],ASUS Laptop i5 11th i5 11th / 8GB / 480GB / GTX 2050 Silver | PZM Computers &amp; Phones,https://pzm.ae/product/prod-mo4qv0cv-5jdwsp/,True,"index, follow",False,https://pzm.ae/product/prod-mo4qv0cv-5jdwsp/,True,2,True,True,False,False,203,
sitemap,https://pzm.ae/product/prod-mnnz7fpb-dd66y3/,https://pzm.ae/product/prod-mnnz7fpb-dd66y3/,200,https://pzm.ae/product/prod-mnnz7fpb-dd66y3/ [200],AORUS Gaming i7 11th / 32GB / 1TB / RTX 3080 Good Condition | PZM Computers &amp; Phones,https://pzm.ae/product/prod-mnnz7fpb-dd66y3/,True,"index, follow",False,https://pzm.ae/product/prod-mnnz7fpb-dd66y3/,True,2,True,True,False,False,237,
sitemap,https://pzm.ae/product/prod-mo4qupb7-m1ghc4/,https://pzm.ae/product/prod-mo4qupb7-m1ghc4/,200,https://pzm.ae/product/prod-mo4qupb7-m1ghc4/ [200],iPhone 16 Pro 256GB White | PZM Computers &amp; Phones,https://pzm.ae/product/prod-mo4qupb7-m1ghc4/,True,"index, follow",False,https://pzm.ae/product/prod-mo4qupb7-m1ghc4/,True,2,True,True,False,False,161,
sitemap,https://pzm.ae/product/prod-mnnylhk1-chkb48/,https://pzm.ae/product/prod-mnnylhk1-chkb48/,200,https://pzm.ae/product/prod-mnnylhk1-chkb48/ [200],iPhone 16 Pro 128GB White | PZM Computers &amp; Phones,https://pzm.ae/product/prod-mnnylhk1-chkb48/,True,"index, follow",False,https://pzm.ae/product/prod-mnnylhk1-chkb48/,True,2,True,True,False,False,198,
sitemap,https://pzm.ae/product/prod-mnnyli5x-ahzdn4/,https://pzm.ae/product/prod-mnnyli5x-ahzdn4/,200,https://pzm.ae/product/prod-mnnyli5x-ahzdn4/ [200],iPhone 15 Pro Max 256GB Black | PZM Computers &amp; Phones,https://pzm.ae/product/prod-mnnyli5x-ahzdn4/,True,"index, follow",False,https://pzm.ae/product/prod-mnnyli5x-ahzdn4/,True,2,True,True,False,False,195,
sitemap,https://pzm.ae/product/prod-mo4qv20g-8lfn7l/,https://pzm.ae/product/prod-mo4qv20g-8lfn7l/,200,https://pzm.ae/product/prod-mo4qv20g-8lfn7l/ [200],MacBook Air 2024 13&quot; 256GB / 16GB RAM Silver | PZM Computers &amp; Phones,https://pzm.ae/product/prod-mo4qv20g-8lfn7l/,True,"index, follow",False,https://pzm.ae/product/prod-mo4qv20g-8lfn7l/,True,2,True,True,False,False,172,
sitemap,https://pzm.ae/product/prod-mnnyllrg-78sb84/,https://pzm.ae/product/prod-mnnyllrg-78sb84/,200,https://pzm.ae/product/prod-mnnyllrg-78sb84/ [200],Gaming PC i7 12th / DDR5 32GB / SSD 1TB White | PZM Computers &amp; Phones,https://pzm.ae/product/prod-mnnyllrg-78sb84/,True,"index, follow",False,https://pzm.ae/product/prod-mnnyllrg-78sb84/,True,2,True,True,False,False,222,
sitemap,https://pzm.ae/product/prod-mo4qty7a-vzlgoj/,https://pzm.ae/product/prod-mo4qty7a-vzlgoj/,200,https://pzm.ae/product/prod-mo4qty7a-vzlgoj/ [200],iPhone 17 256GB Green | PZM Computers &amp; Phones,https://pzm.ae/product/prod-mo4qty7a-vzlgoj/,True,"index, follow",False,https://pzm.ae/product/prod-mo4qty7a-vzlgoj/,True,2,True,True,False,False,128,
sitemap,https://pzm.ae/product/prod-mo4qv0tv-ve4t7z/,https://pzm.ae/product/prod-mo4qv0tv-ve4t7z/,200,https://pzm.ae/product/prod-mo4qv0tv-ve4t7z/ [200],MacBook M3 Pro 14&quot; 8GB / 512GB Silver | PZM Computers &amp; Phones,https://pzm.ae/product/prod-mo4qv0tv-ve4t7z/,True,"index, follow",False,https://pzm.ae/product/prod-mo4qv0tv-ve4t7z/,True,2,True,True,False,False,219,
sitemap,https://pzm.ae/product/prod-mnnyldsg-91l1yj/,https://pzm.ae/product/prod-mnnyldsg-91l1yj/,200,https://pzm.ae/product/prod-mnnyldsg-91l1yj/ [200],MacBook Air 13&quot; M4 256GB / 16GB RAM Silver | PZM Computers &amp; Phones,https://pzm.ae/product/prod-mnnyldsg-91l1yj/,True,"index, follow",False,https://pzm.ae/product/prod-mnnyldsg-91l1yj/,True,2,True,True,False,False,241,
sitemap,https://pzm.ae/product/prod-mnnylguu-t5h6b2/,https://pzm.ae/product/prod-mnnylguu-t5h6b2/,200,https://pzm.ae/product/prod-mnnylguu-t5h6b2/ [200],iPhone 16 Pro Max 256GB Desert Titanium | PZM Computers &amp; Phones,https://pzm.ae/product/prod-mnnylguu-t5h6b2/,True,"index, follow",False,https://pzm.ae/product/prod-mnnylguu-t5h6b2/,True,2,True,True,False,False,146,
sitemap,https://pzm.ae/product/prod-mo4qvgfe-ah0fys/,https://pzm.ae/product/prod-mo4qvgfe-ah0fys/,200,https://pzm.ae/product/prod-mo4qvgfe-ah0fys/ [200],Gaming PC i5 12th i5 12th / 16GB / SSD 1TB Black | PZM Computers &amp; Phones,https://pzm.ae/product/prod-mo4qvgfe-ah0fys/,True,"index, follow",False,https://pzm.ae/product/prod-mo4qvgfe-ah0fys/,True,2,True,True,False,False,198,
sitemap,https://pzm.ae/product/prod-mnnylm7o-c5k8ap/,https://pzm.ae/product/prod-mnnylm7o-c5k8ap/,200,https://pzm.ae/product/prod-mnnylm7o-c5k8ap/ [200],Gaming PC AMD Ryzen 9 5900H / 48GB / NVME 512GB Black | PZM Computers &amp; Phones,https://pzm.ae/product/prod-mnnylm7o-c5k8ap/,True,"index, follow",False,https://pzm.ae/product/prod-mnnylm7o-c5k8ap/,True,2,True,True,False,False,230,
sitemap,https://pzm.ae/product/prod-mntdtz27-kybe2d/,https://pzm.ae/product/prod-mntdtz27-kybe2d/,200,https://pzm.ae/product/prod-mntdtz27-kybe2d/ [200],iPad Pro 11-inch M5 256GB Wi-Fi Black | PZM Computers &amp; Phones,https://pzm.ae/product/prod-mntdtz27-kybe2d/,True,"index, follow",False,https://pzm.ae/product/prod-mntdtz27-kybe2d/,True,2,True,True,False,False,149,
sitemap,https://pzm.ae/product/prod-mntdu0pp-uvtxu6/,https://pzm.ae/product/prod-mntdu0pp-uvtxu6/,200,https://pzm.ae/product/prod-mntdu0pp-uvtxu6/ [200],iPad Pro 11-inch M5 256GB Wi-Fi Silver | PZM Computers &amp; Phones,https://pzm.ae/product/prod-mntdu0pp-uvtxu6/,True,"index, follow",False,https://pzm.ae/product/prod-mntdu0pp-uvtxu6/,True,2,True,True,False,False,151,
sitemap,https://pzm.ae/product/prod-mo4quowp-1beaxb/,https://pzm.ae/product/prod-mo4quowp-1beaxb/,200,https://pzm.ae/product/prod-mo4quowp-1beaxb/ [200],iPhone 16 Pro Max 512GB Natural Titanium | PZM Computers &amp; Phones,https://pzm.ae/product/prod-mo4quowp-1beaxb/,True,"index, follow",False,https://pzm.ae/product/prod-mo4quowp-1beaxb/,True,2,True,True,False,False,178,
sitemap,https://pzm.ae/product/prod-mnnz7mm7-a76u51/,https://pzm.ae/product/prod-mnnz7mm7-a76u51/,200,https://pzm.ae/product/prod-mnnz7mm7-a76u51/ [200],LG UltraGear 45&quot; WQHD OLED Curved / 240Hz / 0.03ms / HDR 10 Good Condition | PZM Computers &amp; Phones,https://pzm.ae/product/prod-mnnz7mm7-a76u51/,True,"index, follow",False,https://pzm.ae/product/prod-mnnz7mm7-a76u51/,True,2,True,True,False,False,292,
sitemap,https://pzm.ae/product/prod-mnnz7gce-ct98iq/,https://pzm.ae/product/prod-mnnz7gce-ct98iq/,200,https://pzm.ae/product/prod-mnnz7gce-ct98iq/ [200],Alienware 19 Gaming i7 12th / 32GB / 1TB / RTX 3080 / 240Hz 16&quot; Good Condition | PZM Computers &amp; Phones,https://pzm.ae/product/prod-mnnz7gce-ct98iq/,True,"index, follow",False,https://pzm.ae/product/prod-mnnz7gce-ct98iq/,True,2,True,True,False,False,290,
sitemap,https://pzm.ae/product/prod-mnnz7f1p-375zkm/,https://pzm.ae/product/prod-mnnz7f1p-375zkm/,200,https://pzm.ae/product/prod-mnnz7f1p-375zkm/ [200],ASUS ROG Strix Gaming 32GB / 1TB / RTX 4070 Good Condition | PZM Computers &amp; Phones,https://pzm.ae/product/prod-mnnz7f1p-375zkm/,True,"index, follow",False,https://pzm.ae/product/prod-mnnz7f1p-375zkm/,True,2,True,True,False,False,229,
sitemap,https://pzm.ae/product/prod-mo4quof1-0czwtc/,https://pzm.ae/product/prod-mo4quof1-0czwtc/,200,https://pzm.ae/product/prod-mo4quof1-0czwtc/ [200],iPhone 17 Pro Max 512GB Deep Blue | PZM Computers &amp; Phones,https://pzm.ae/product/prod-mo4quof1-0czwtc/,True,"index, follow",False,https://pzm.ae/product/prod-mo4quof1-0czwtc/,True,2,True,True,False,False,205,
sitemap,https://pzm.ae/product/prod-mo4qv1jy-ln1oj0/,https://pzm.ae/product/prod-mo4qv1jy-ln1oj0/,200,https://pzm.ae/product/prod-mo4qv1jy-ln1oj0/ [200],MacBook M1 Pro 16&quot; 16GB / 512GB Silver | PZM Computers &amp; Phones,https://pzm.ae/product/prod-mo4qv1jy-ln1oj0/,True,"index, follow",False,https://pzm.ae/product/prod-mo4qv1jy-ln1oj0/,True,2,True,True,False,False,180,
sitemap,https://pzm.ae/product/prod-mo4qv8l4-pcuurb/,https://pzm.ae/product/prod-mo4qv8l4-pcuurb/,200,https://pzm.ae/product/prod-mo4qv8l4-pcuurb/ [200],Microsoft Surface Pro Snapdragon X Plus / 16GB / 512GB Platinum | PZM Computers &amp; Phones,https://pzm.ae/product/prod-mo4qv8l4-pcuurb/,True,"index, follow",False,https://pzm.ae/product/prod-mo4qv8l4-pcuurb/,True,2,True,True,False,False,179,
sitemap,https://pzm.ae/product/prod-mo4qtru7-zvxcd4/,https://pzm.ae/product/prod-mo4qtru7-zvxcd4/,200,https://pzm.ae/product/prod-mo4qtru7-zvxcd4/ [200],iPhone 17 Pro 256GB Silver | PZM Computers &amp; Phones,https://pzm.ae/product/prod-mo4qtru7-zvxcd4/,True,"index, follow",False,https://pzm.ae/product/prod-mo4qtru7-zvxcd4/,True,2,True,True,False,False,136,
sitemap,https://pzm.ae/product/prod-mo4qtrgk-ajcp0z/,https://pzm.ae/product/prod-mo4qtrgk-ajcp0z/,200,https://pzm.ae/product/prod-mo4qtrgk-ajcp0z/ [200],iPhone 17 Pro 256GB Deep Blue | PZM Computers &amp; Phones,https://pzm.ae/product/prod-mo4qtrgk-ajcp0z/,True,"index, follow",False,https://pzm.ae/product/prod-mo4qtrgk-ajcp0z/,True,2,True,True,False,False,145,
sitemap,https://pzm.ae/product/prod-mo4qtqv4-tougpx/,https://pzm.ae/product/prod-mo4qtqv4-tougpx/,200,https://pzm.ae/product/prod-mo4qtqv4-tougpx/ [200],iPhone 17 Pro 256GB Cosmic Orange | PZM Computers &amp; Phones,https://pzm.ae/product/prod-mo4qtqv4-tougpx/,True,"index, follow",False,https://pzm.ae/product/prod-mo4qtqv4-tougpx/,True,2,True,True,False,False,145,
sitemap,https://pzm.ae/product/prod-mnnyljzi-16mj7n/,https://pzm.ae/product/prod-mnnyljzi-16mj7n/,200,https://pzm.ae/product/prod-mnnyljzi-16mj7n/ [200],Microsoft Surface Pro Snapdragon X Plus / 16GB / 512GB Good Condition | PZM Computers &amp; Phones,https://pzm.ae/product/prod-mnnyljzi-16mj7n/,True,"index, follow",False,https://pzm.ae/product/prod-mnnyljzi-16mj7n/,True,2,True,True,False,False,165,
sitemap,https://pzm.ae/product/prod-mo7h67vb-dpn2yx/,https://pzm.ae/product/prod-mo7h67vb-dpn2yx/,200,https://pzm.ae/product/prod-mo7h67vb-dpn2yx/ [200],iPhone 17 Pro Max 256GB Silver | PZM Computers &amp; Phones,https://pzm.ae/product/prod-mo7h67vb-dpn2yx/,True,"index, follow",False,https://pzm.ae/product/prod-mo7h67vb-dpn2yx/,True,2,True,True,False,False,144,
sitemap,https://pzm.ae/product/prod-mo4qtl68-w7ak8x/,https://pzm.ae/product/prod-mo4qtl68-w7ak8x/,200,https://pzm.ae/product/prod-mo4qtl68-w7ak8x/ [200],iPhone 17 Pro Max 256GB Deep Blue | PZM Computers &amp; Phones,https://pzm.ae/product/prod-mo4qtl68-w7ak8x/,True,"index, follow",False,https://pzm.ae/product/prod-mo4qtl68-w7ak8x/,True,2,True,True,False,False,153,
sitemap,https://pzm.ae/product/prod-mo4qtkrb-gp5r0d/,https://pzm.ae/product/prod-mo4qtkrb-gp5r0d/,200,https://pzm.ae/product/prod-mo4qtkrb-gp5r0d/ [200],iPhone 17 Pro Max 256GB Cosmic Orange | PZM Computers &amp; Phones,https://pzm.ae/product/prod-mo4qtkrb-gp5r0d/,True,"index, follow",False,https://pzm.ae/product/prod-mo4qtkrb-gp5r0d/,True,2,True,True,False,False,153,
sitemap,https://pzm.ae/product/prod-mo4qttpa-oqdrk9/,https://pzm.ae/product/prod-mo4qttpa-oqdrk9/,200,https://pzm.ae/product/prod-mo4qttpa-oqdrk9/ [200],iPhone 17 Pro 512GB Deep Blue | PZM Computers &amp; Phones,https://pzm.ae/product/prod-mo4qttpa-oqdrk9/,True,"index, follow",False,https://pzm.ae/product/prod-mo4qttpa-oqdrk9/,True,2,True,True,False,False,145,
sitemap,https://pzm.ae/product/prod-mo4qtu5y-9qn5fg/,https://pzm.ae/product/prod-mo4qtu5y-9qn5fg/,200,https://pzm.ae/product/prod-mo4qtu5y-9qn5fg/ [200],iPhone 17 Pro 512GB Silver | PZM Computers &amp; Phones,https://pzm.ae/product/prod-mo4qtu5y-9qn5fg/,True,"index, follow",False,https://pzm.ae/product/prod-mo4qtu5y-9qn5fg/,True,2,True,True,False,False,136,
sitemap,https://pzm.ae/product/prod-mo4qtt5g-vc9uze/,https://pzm.ae/product/prod-mo4qtt5g-vc9uze/,200,https://pzm.ae/product/prod-mo4qtt5g-vc9uze/ [200],iPhone 17 Pro 512GB Cosmic Orange | PZM Computers &amp; Phones,https://pzm.ae/product/prod-mo4qtt5g-vc9uze/,True,"index, follow",False,https://pzm.ae/product/prod-mo4qtt5g-vc9uze/,True,2,True,True,False,False,145,
sitemap,https://pzm.ae/product/prod-mnku9nbd-ob74rl/,https://pzm.ae/product/prod-mnku9nbd-ob74rl/,200,https://pzm.ae/product/prod-mnku9nbd-ob74rl/ [200],iPhone 17 Air (eSIM + Physical SIM) 1TB Blue | PZM Computers &amp; Phones,https://pzm.ae/product/prod-mnku9nbd-ob74rl/,True,"index, follow",False,https://pzm.ae/product/prod-mnku9nbd-ob74rl/,True,2,True,True,False,False,243,
sitemap,https://pzm.ae/product/prod-mo4qtv50-4n6gws/,https://pzm.ae/product/prod-mo4qtv50-4n6gws/,200,https://pzm.ae/product/prod-mo4qtv50-4n6gws/ [200],iPhone 17 Pro 1TB Cosmic Orange | PZM Computers &amp; Phones,https://pzm.ae/product/prod-mo4qtv50-4n6gws/,True,"index, follow",False,https://pzm.ae/product/prod-mo4qtv50-4n6gws/,True,2,True,True,False,False,145,
sitemap,https://pzm.ae/product/prod-mo4qtvia-13noxy/,https://pzm.ae/product/prod-mo4qtvia-13noxy/,200,https://pzm.ae/product/prod-mo4qtvia-13noxy/ [200],iPhone 17 Pro 1TB Deep Blue | PZM Computers &amp; Phones,https://pzm.ae/product/prod-mo4qtvia-13noxy/,True,"index, follow",False,https://pzm.ae/product/prod-mo4qtvia-13noxy/,True,2,True,True,False,False,145,
sitemap,https://pzm.ae/product/prod-mo4qtvwt-m4lafk/,https://pzm.ae/product/prod-mo4qtvwt-m4lafk/,200,https://pzm.ae/product/prod-mo4qtvwt-m4lafk/ [200],iPhone 17 Pro 1TB Silver | PZM Computers &amp; Phones,https://pzm.ae/product/prod-mo4qtvwt-m4lafk/,True,"index, follow",False,https://pzm.ae/product/prod-mo4qtvwt-m4lafk/,True,2,True,True,False,False,136,
sitemap,https://pzm.ae/product/prod-mo7h68vb-l3tiaq/,https://pzm.ae/product/prod-mo7h68vb-l3tiaq/,200,https://pzm.ae/product/prod-mo7h68vb-l3tiaq/ [200],iPhone 17 Pro Max 512GB Silver | PZM Computers &amp; Phones,https://pzm.ae/product/prod-mo7h68vb-l3tiaq/,True,"index, follow",False,https://pzm.ae/product/prod-mo7h68vb-l3tiaq/,True,2,True,True,False,False,144,
sitemap,https://pzm.ae/product/prod-mo4qtn8o-i0ayrh/,https://pzm.ae/product/prod-mo4qtn8o-i0ayrh/,200,https://pzm.ae/product/prod-mo4qtn8o-i0ayrh/ [200],iPhone 17 Pro Max 512GB Deep Blue | PZM Computers &amp; Phones,https://pzm.ae/product/prod-mo4qtn8o-i0ayrh/,True,"index, follow",False,https://pzm.ae/product/prod-mo4qtn8o-i0ayrh/,True,2,True,True,False,False,153,
sitemap,https://pzm.ae/product/prod-mo4qtmqa-h7xolq/,https://pzm.ae/product/prod-mo4qtmqa-h7xolq/,200,https://pzm.ae/product/prod-mo4qtmqa-h7xolq/ [200],iPhone 17 Pro Max 512GB Cosmic Orange | PZM Computers &amp; Phones,https://pzm.ae/product/prod-mo4qtmqa-h7xolq/,True,"index, follow",False,https://pzm.ae/product/prod-mo4qtmqa-h7xolq/,True,2,True,True,False,False,153,
sitemap,https://pzm.ae/product/prod-mnnz7hfp-d4coml/,https://pzm.ae/product/prod-mnnz7hfp-d4coml/,200,https://pzm.ae/product/prod-mnnz7hfp-d4coml/ [200],MacBook Pro 16&quot; 36GB / 512GB / GPU 18-Core Good Condition | PZM Computers &amp; Phones,https://pzm.ae/product/prod-mnnz7hfp-d4coml/,True,"index, follow",False,https://pzm.ae/product/prod-mnnz7hfp-d4coml/,True,2,True,True,False,False,251,
sitemap,https://pzm.ae/product/prod-mo7h69um-a32bid/,https://pzm.ae/product/prod-mo7h69um-a32bid/,200,https://pzm.ae/product/prod-mo7h69um-a32bid/ [200],iPhone 17 Pro Max 1TB Silver | PZM Computers &amp; Phones,https://pzm.ae/product/prod-mo7h69um-a32bid/,True,"index, follow",False,https://pzm.ae/product/prod-mo7h69um-a32bid/,True,2,True,True,False,False,144,
sitemap,https://pzm.ae/product/prod-mo4qtph8-fbi2nx/,https://pzm.ae/product/prod-mo4qtph8-fbi2nx/,200,https://pzm.ae/product/prod-mo4qtph8-fbi2nx/ [200],iPhone 17 Pro Max 1TB Deep Blue | PZM Computers &amp; Phones,https://pzm.ae/product/prod-mo4qtph8-fbi2nx/,True,"index, follow",False,https://pzm.ae/product/prod-mo4qtph8-fbi2nx/,True,2,True,True,False,False,153,
sitemap,https://pzm.ae/product/prod-mo4qtoyr-r82epy/,https://pzm.ae/product/prod-mo4qtoyr-r82epy/,200,https://pzm.ae/product/prod-mo4qtoyr-r82epy/ [200],iPhone 17 Pro Max 1TB Cosmic Orange | PZM Computers &amp; Phones,https://pzm.ae/product/prod-mo4qtoyr-r82epy/,True,"index, follow",False,https://pzm.ae/product/prod-mo4qtoyr-r82epy/,True,2,True,True,False,False,153,
